Name	Sex	Total	GroupPercentage	OverallPercentage
Judge		2601	0	36.7996604414261
Judge	M	90	4.81798715203426	1.27334465195246
Judge	F	66	6.04949587534372	0.933786078098472
Sister		50	0	0.707413695529145
Dallas		46	0	0.650820599886814
Crew		34	0	0.481041312959819
John	M	33	1.76659528907923	0.466893039049236
Star		24	0	0.33955857385399
Memphis		24	0	0.33955857385399
Hunter		24	0	0.33955857385399
Cleveland		24	0	0.33955857385399
Boss		23	0	0.325410299943407
Jason	M	20	1.07066381156317	0.282965478211658
Michael	M	20	1.07066381156317	0.282965478211658
Joe	M	19	1.01713062098501	0.268817204301075
Cornelia		18	0	0.254668930390492
Tom	M	18	0.963597430406852	0.254668930390492
Mark	M	18	0.963597430406852	0.254668930390492
Harris		18	0	0.254668930390492
Jim	M	17	0.910064239828694	0.240520656479909
James	M	16	0.856531049250535	0.226372382569327
Jack	M	16	0.856531049250535	0.226372382569327
Clark		16	0	0.226372382569327
Nick	M	15	0.802997858672377	0.212224108658744
Hunter	M	15	0.802997858672377	0.212224108658744
Peter	M	15	0.802997858672377	0.212224108658744
Long		15	0	0.212224108658744
Dash		15	0	0.212224108658744
Bill	M	14	0.749464668094218	0.198075834748161
Anthony	M	14	0.749464668094218	0.198075834748161
Paul	M	14	0.749464668094218	0.198075834748161
Media		14	0	0.198075834748161
Richard	M	13	0.69593147751606	0.183927560837578
Bob	M	13	0.69593147751606	0.183927560837578
Phoenix		13	0	0.183927560837578
Mike	M	13	0.69593147751606	0.183927560837578
Dave	M	12	0.642398286937901	0.169779286926995
Anna	F	12	1.09990834097159	0.169779286926995
Crew	M	12	0.642398286937901	0.169779286926995
Christine		12	0	0.169779286926995
Michelle	F	11	1.00824931255729	0.155631013016412
Joe		11	0	0.155631013016412
David	M	11	0.588865096359743	0.155631013016412
Billy	M	11	0.588865096359743	0.155631013016412
Thomas	M	11	0.588865096359743	0.155631013016412
Michael		11	0	0.155631013016412
York		11	0	0.155631013016412
Tom		11	0	0.155631013016412
Sarah	F	11	1.00824931255729	0.155631013016412
Jake	M	11	0.588865096359743	0.155631013016412
Dara		11	0	0.155631013016412
Bobby		10	0	0.141482739105829
Adam	M	10	0.535331905781585	0.141482739105829
Lisa	F	10	0.916590284142988	0.141482739105829
West		10	0	0.141482739105829
Tim	M	10	0.535331905781585	0.141482739105829
Star	M	10	0.535331905781585	0.141482739105829
Dan	M	10	0.535331905781585	0.141482739105829
Daniel	M	10	0.535331905781585	0.141482739105829
Charlie	M	10	0.535331905781585	0.141482739105829
Case		10	0	0.141482739105829
Flor		10	0	0.141482739105829
Era		10	0	0.141482739105829
Andrew	M	10	0.535331905781585	0.141482739105829
James		10	0	0.141482739105829
Santa	M	9	0.481798715203426	0.127334465195246
Butler	M	9	0.481798715203426	0.127334465195246
Male	M	9	0.481798715203426	0.127334465195246
Tommy	M	9	0.481798715203426	0.127334465195246
Chris	M	9	0.481798715203426	0.127334465195246
Bob		9	0	0.127334465195246
Sister	F	9	0.824931255728689	0.127334465195246
Bula		9	0	0.127334465195246
Alex	M	9	0.481798715203426	0.127334465195246
Lafayette		9	0	0.127334465195246
Greg	M	9	0.481798715203426	0.127334465195246
Aurora		9	0	0.127334465195246
Johnny	M	8	0.428265524625268	0.113186191284663
Steve	M	8	0.428265524625268	0.113186191284663
Maria	F	8	0.73327222731439	0.113186191284663
George	M	8	0.428265524625268	0.113186191284663
Ron	M	8	0.428265524625268	0.113186191284663
Rachel	F	8	0.73327222731439	0.113186191284663
Danny	M	8	0.428265524625268	0.113186191284663
Larry	M	8	0.428265524625268	0.113186191284663
Sam	M	8	0.428265524625268	0.113186191284663
Brian	M	8	0.428265524625268	0.113186191284663
Metro		8	0	0.113186191284663
Ashley	F	8	0.73327222731439	0.113186191284663
Texas		8	0	0.113186191284663
Mary	F	8	0.73327222731439	0.113186191284663
Matt	M	8	0.428265524625268	0.113186191284663
Ryan	M	8	0.428265524625268	0.113186191284663
Buddy	M	8	0.428265524625268	0.113186191284663
Patrick	M	8	0.428265524625268	0.113186191284663
Rob	M	8	0.428265524625268	0.113186191284663
Summer		8	0	0.113186191284663
May		7	0	0.0990379173740804
Lawyer	M	7	0.374732334047109	0.0990379173740804
West	M	7	0.374732334047109	0.0990379173740804
Joseph	M	7	0.374732334047109	0.0990379173740804
Frank	M	7	0.374732334047109	0.0990379173740804
Corey	M	7	0.374732334047109	0.0990379173740804
Jordan	M	7	0.374732334047109	0.0990379173740804
Baker		7	0	0.0990379173740804
Lee	M	7	0.374732334047109	0.0990379173740804
Star	F	7	0.641613198900092	0.0990379173740804
Joseph		7	0	0.0990379173740804
Kevin	M	7	0.374732334047109	0.0990379173740804
Chad	M	7	0.374732334047109	0.0990379173740804
Vanessa	F	7	0.641613198900092	0.0990379173740804
Art		7	0	0.0990379173740804
Robert	M	7	0.374732334047109	0.0990379173740804
Charity	F	6	0.549954170485793	0.0848896434634974
Jay	M	6	0.321199143468951	0.0848896434634974
Kenny	M	6	0.321199143468951	0.0848896434634974
Boss	M	6	0.321199143468951	0.0848896434634974
Drake		6	0	0.0848896434634974
Lawyer		6	0	0.0848896434634974
Pete	M	6	0.321199143468951	0.0848896434634974
Green	F	6	0.549954170485793	0.0848896434634974
Green	M	6	0.321199143468951	0.0848896434634974
Jeremy	M	6	0.321199143468951	0.0848896434634974
Blake	M	6	0.321199143468951	0.0848896434634974
Sophia	F	6	0.549954170485793	0.0848896434634974
Don	M	6	0.321199143468951	0.0848896434634974
Julia	F	6	0.549954170485793	0.0848896434634974
Taylor		6	0	0.0848896434634974
Adam		6	0	0.0848896434634974
Will	M	6	0.321199143468951	0.0848896434634974
Joey	M	6	0.321199143468951	0.0848896434634974
Jeff	M	6	0.321199143468951	0.0848896434634974
Jose		6	0	0.0848896434634974
Boston		6	0	0.0848896434634974
Anne	F	6	0.549954170485793	0.0848896434634974
Charles		6	0	0.0848896434634974
Max	M	6	0.321199143468951	0.0848896434634974
Josh	M	6	0.321199143468951	0.0848896434634974
John		6	0	0.0848896434634974
Nicole	F	6	0.549954170485793	0.0848896434634974
Ellen	F	6	0.549954170485793	0.0848896434634974
Nathan	M	6	0.321199143468951	0.0848896434634974
America		6	0	0.0848896434634974
Julie	F	6	0.549954170485793	0.0848896434634974
Marty	M	6	0.321199143468951	0.0848896434634974
Art	M	6	0.321199143468951	0.0848896434634974
Chance		6	0	0.0848896434634974
Brenna		6	0	0.0848896434634974
Bruce	M	5	0.267665952890792	0.0707413695529145
Jimmy	M	5	0.267665952890792	0.0707413695529145
Jane	F	5	0.458295142071494	0.0707413695529145
Rick	M	5	0.267665952890792	0.0707413695529145
Garrett	M	5	0.267665952890792	0.0707413695529145
Danielle	F	5	0.458295142071494	0.0707413695529145
Jack		5	0	0.0707413695529145
Amy	F	5	0.458295142071494	0.0707413695529145
Rich	M	5	0.267665952890792	0.0707413695529145
Steven	M	5	0.267665952890792	0.0707413695529145
Andre	M	5	0.267665952890792	0.0707413695529145
Debbie	F	5	0.458295142071494	0.0707413695529145
Dean		5	0	0.0707413695529145
Lewis	M	5	0.267665952890792	0.0707413695529145
Cora		5	0	0.0707413695529145
Jessica	F	5	0.458295142071494	0.0707413695529145
Justin	M	5	0.267665952890792	0.0707413695529145
Tony	M	5	0.267665952890792	0.0707413695529145
Edgar	M	5	0.267665952890792	0.0707413695529145
Evita		5	0	0.0707413695529145
Aaron	M	5	0.267665952890792	0.0707413695529145
Elle		5	0	0.0707413695529145
York	M	5	0.267665952890792	0.0707413695529145
Charles	M	5	0.267665952890792	0.0707413695529145
Boston	M	5	0.267665952890792	0.0707413695529145
Kim	F	5	0.458295142071494	0.0707413695529145
Joel	M	5	0.267665952890792	0.0707413695529145
Joey		5	0	0.0707413695529145
Kent	M	5	0.267665952890792	0.0707413695529145
Louis		5	0	0.0707413695529145
Ed	M	5	0.267665952890792	0.0707413695529145
Dorothy		5	0	0.0707413695529145
Hall		5	0	0.0707413695529145
Jamie	F	5	0.458295142071494	0.0707413695529145
Van	M	5	0.267665952890792	0.0707413695529145
Scott	M	5	0.267665952890792	0.0707413695529145
Dave		5	0	0.0707413695529145
Benjamin	M	5	0.267665952890792	0.0707413695529145
Treasure		5	0	0.0707413695529145
Royal		5	0	0.0707413695529145
Samantha	F	5	0.458295142071494	0.0707413695529145
Brad	M	5	0.267665952890792	0.0707413695529145
Doug	M	5	0.267665952890792	0.0707413695529145
Park		5	0	0.0707413695529145
Steve		5	0	0.0707413695529145
Rose		5	0	0.0707413695529145
Green		5	0	0.0707413695529145
Love	F	5	0.458295142071494	0.0707413695529145
Andy	M	5	0.267665952890792	0.0707413695529145
Lauren	F	5	0.458295142071494	0.0707413695529145
Melissa	F	5	0.458295142071494	0.0707413695529145
Steward		5	0	0.0707413695529145
Collins		5	0	0.0707413695529145
Bella		5	0	0.0707413695529145
Tate		5	0	0.0707413695529145
Elizabeth	F	5	0.458295142071494	0.0707413695529145
Flora	F	5	0.458295142071494	0.0707413695529145
Mike		5	0	0.0707413695529145
Sierra		5	0	0.0707413695529145
Martin	M	4	0.214132762312634	0.0565930956423316
Jackie	F	4	0.366636113657195	0.0565930956423316
Miguel	M	4	0.214132762312634	0.0565930956423316
Chance	M	4	0.214132762312634	0.0565930956423316
Barry	M	4	0.214132762312634	0.0565930956423316
Miranda	F	4	0.366636113657195	0.0565930956423316
Al	M	4	0.214132762312634	0.0565930956423316
Kim	M	4	0.214132762312634	0.0565930956423316
Park	M	4	0.214132762312634	0.0565930956423316
Jennifer	F	4	0.366636113657195	0.0565930956423316
Eddie	M	4	0.214132762312634	0.0565930956423316
Willie		4	0	0.0565930956423316
Orange	M	4	0.214132762312634	0.0565930956423316
Kate	F	4	0.366636113657195	0.0565930956423316
Christian		4	0	0.0565930956423316
Angie	F	4	0.366636113657195	0.0565930956423316
Pedro	M	4	0.214132762312634	0.0565930956423316
Hope		4	0	0.0565930956423316
Tina	F	4	0.366636113657195	0.0565930956423316
Rob		4	0	0.0565930956423316
Archer		4	0	0.0565930956423316
Eric	M	4	0.214132762312634	0.0565930956423316
Mac	M	4	0.214132762312634	0.0565930956423316
Jon	M	4	0.214132762312634	0.0565930956423316
Lola	F	4	0.366636113657195	0.0565930956423316
Jenna	M	4	0.214132762312634	0.0565930956423316
Stan	M	4	0.214132762312634	0.0565930956423316
Hunter	F	4	0.366636113657195	0.0565930956423316
Pierre	M	4	0.214132762312634	0.0565930956423316
Tennessee		4	0	0.0565930956423316
Oliver	M	4	0.214132762312634	0.0565930956423316
Zack	M	4	0.214132762312634	0.0565930956423316
Brandi	F	4	0.366636113657195	0.0565930956423316
Alpha		4	0	0.0565930956423316
Luke	M	4	0.214132762312634	0.0565930956423316
Christopher	M	4	0.214132762312634	0.0565930956423316
Tiffany	F	4	0.366636113657195	0.0565930956423316
Jesse	M	4	0.214132762312634	0.0565930956423316
Hall	M	4	0.214132762312634	0.0565930956423316
Marc		4	0	0.0565930956423316
Gay		4	0	0.0565930956423316
Terry	M	4	0.214132762312634	0.0565930956423316
Mason		4	0	0.0565930956423316
Mauro		4	0	0.0565930956423316
Paris		4	0	0.0565930956423316
Herman	M	4	0.214132762312634	0.0565930956423316
Buddy		4	0	0.0565930956423316
Lone		4	0	0.0565930956423316
Alex		4	0	0.0565930956423316
Joy		4	0	0.0565930956423316
Antonia	F	4	0.366636113657195	0.0565930956423316
Jim		4	0	0.0565930956423316
Hans	M	4	0.214132762312634	0.0565930956423316
Gino	M	4	0.214132762312634	0.0565930956423316
Derrick	M	4	0.214132762312634	0.0565930956423316
River		4	0	0.0565930956423316
Lawyer	F	4	0.366636113657195	0.0565930956423316
Abbey		4	0	0.0565930956423316
Carl	M	4	0.214132762312634	0.0565930956423316
Rachael		4	0	0.0565930956423316
Bruce		4	0	0.0565930956423316
Louisiana		4	0	0.0565930956423316
Houston		4	0	0.0565930956423316
Anderson		4	0	0.0565930956423316
Juniper		4	0	0.0565930956423316
Gary	M	4	0.214132762312634	0.0565930956423316
Amanda	F	4	0.366636113657195	0.0565930956423316
Angela	F	4	0.366636113657195	0.0565930956423316
Kyle	M	4	0.214132762312634	0.0565930956423316
Allen	M	4	0.214132762312634	0.0565930956423316
Travis	M	4	0.214132762312634	0.0565930956423316
Karl	M	4	0.214132762312634	0.0565930956423316
Christina		4	0	0.0565930956423316
Drew	M	4	0.214132762312634	0.0565930956423316
Naomi		4	0	0.0565930956423316
Evelyn	F	4	0.366636113657195	0.0565930956423316
Jason		4	0	0.0565930956423316
Jimmy		4	0	0.0565930956423316
William	M	4	0.214132762312634	0.0565930956423316
Nikki	F	4	0.366636113657195	0.0565930956423316
Veronica		4	0	0.0565930956423316
Rose	F	4	0.366636113657195	0.0565930956423316
Flint		4	0	0.0565930956423316
Martin		4	0	0.0565930956423316
Irving		4	0	0.0565930956423316
Gray		4	0	0.0565930956423316
Luigi	M	3	0.160599571734475	0.0424448217317487
Athena	F	3	0.274977085242896	0.0424448217317487
January		3	0	0.0424448217317487
Butler		3	0	0.0424448217317487
Craig	M	3	0.160599571734475	0.0424448217317487
Natalie	F	3	0.274977085242896	0.0424448217317487
Cher	F	3	0.274977085242896	0.0424448217317487
Charlotte	F	3	0.274977085242896	0.0424448217317487
Lou		3	0	0.0424448217317487
Stephanie	F	3	0.274977085242896	0.0424448217317487
Morgan		3	0	0.0424448217317487
Nina		3	0	0.0424448217317487
Barbara	F	3	0.274977085242896	0.0424448217317487
Cheryl	F	3	0.274977085242896	0.0424448217317487
Ali	M	3	0.160599571734475	0.0424448217317487
Austin	M	3	0.160599571734475	0.0424448217317487
Eva	F	3	0.274977085242896	0.0424448217317487
Ian	M	3	0.160599571734475	0.0424448217317487
Ginger	F	3	0.274977085242896	0.0424448217317487
Christian	M	3	0.160599571734475	0.0424448217317487
Pink	F	3	0.274977085242896	0.0424448217317487
Columbia		3	0	0.0424448217317487
Love	M	3	0.160599571734475	0.0424448217317487
Logan	M	3	0.160599571734475	0.0424448217317487
Carlos	M	3	0.160599571734475	0.0424448217317487
Phil	M	3	0.160599571734475	0.0424448217317487
Dean	M	3	0.160599571734475	0.0424448217317487
Porter		3	0	0.0424448217317487
Mario		3	0	0.0424448217317487
Ricky	M	3	0.160599571734475	0.0424448217317487
Antonio		3	0	0.0424448217317487
Kitty	F	3	0.274977085242896	0.0424448217317487
Rebecca	F	3	0.274977085242896	0.0424448217317487
Santa		3	0	0.0424448217317487
Carla	F	3	0.274977085242896	0.0424448217317487
Nicole		3	0	0.0424448217317487
Royal	M	3	0.160599571734475	0.0424448217317487
Jorge	M	3	0.160599571734475	0.0424448217317487
Jenny	F	3	0.274977085242896	0.0424448217317487
Jeff		3	0	0.0424448217317487
Annie	F	3	0.274977085242896	0.0424448217317487
Becky	F	3	0.274977085242896	0.0424448217317487
Jerry	M	3	0.160599571734475	0.0424448217317487
Brett	M	3	0.160599571734475	0.0424448217317487
Angel	F	3	0.274977085242896	0.0424448217317487
Karen	F	3	0.274977085242896	0.0424448217317487
Nick	F	3	0.274977085242896	0.0424448217317487
Pat	M	3	0.160599571734475	0.0424448217317487
Christina	F	3	0.274977085242896	0.0424448217317487
Antonio	M	3	0.160599571734475	0.0424448217317487
Janet	F	3	0.274977085242896	0.0424448217317487
Jose	M	3	0.160599571734475	0.0424448217317487
Martina	F	3	0.274977085242896	0.0424448217317487
Betty	F	3	0.274977085242896	0.0424448217317487
Robert		3	0	0.0424448217317487
Charlie		3	0	0.0424448217317487
Marshall		3	0	0.0424448217317487
August		3	0	0.0424448217317487
Alyssa	F	3	0.274977085242896	0.0424448217317487
Victoria	F	3	0.274977085242896	0.0424448217317487
Dakota	F	3	0.274977085242896	0.0424448217317487
Jackie		3	0	0.0424448217317487
Claire	F	3	0.274977085242896	0.0424448217317487
Jonathan	M	3	0.160599571734475	0.0424448217317487
Sara	F	3	0.274977085242896	0.0424448217317487
Frankie		3	0	0.0424448217317487
Carolyn	F	3	0.274977085242896	0.0424448217317487
Richard		3	0	0.0424448217317487
Derek		3	0	0.0424448217317487
Candy		3	0	0.0424448217317487
Ursula	F	3	0.274977085242896	0.0424448217317487
Brittany	F	3	0.274977085242896	0.0424448217317487
Benny	M	3	0.160599571734475	0.0424448217317487
Simone	F	3	0.274977085242896	0.0424448217317487
Frankie	M	3	0.160599571734475	0.0424448217317487
Kim		3	0	0.0424448217317487
Heather	F	3	0.274977085242896	0.0424448217317487
Christine	F	3	0.274977085242896	0.0424448217317487
Shane	M	3	0.160599571734475	0.0424448217317487
Brooklyn		3	0	0.0424448217317487
Gretchen	F	3	0.274977085242896	0.0424448217317487
Dennis	M	3	0.160599571734475	0.0424448217317487
Early		3	0	0.0424448217317487
Texas	M	3	0.160599571734475	0.0424448217317487
Frazier	M	3	0.160599571734475	0.0424448217317487
Lisa		3	0	0.0424448217317487
Chris		3	0	0.0424448217317487
Adrian	M	3	0.160599571734475	0.0424448217317487
Olivia	F	3	0.274977085242896	0.0424448217317487
Emma		3	0	0.0424448217317487
Kayla	F	3	0.274977085242896	0.0424448217317487
Kelly	F	3	0.274977085242896	0.0424448217317487
Matt		3	0	0.0424448217317487
Brown		3	0	0.0424448217317487
Seth	M	3	0.160599571734475	0.0424448217317487
Marcel	M	3	0.160599571734475	0.0424448217317487
Laura	F	3	0.274977085242896	0.0424448217317487
Lenny	M	3	0.160599571734475	0.0424448217317487
Geoffrey		3	0	0.0424448217317487
Sharon	F	3	0.274977085242896	0.0424448217317487
Tiny		3	0	0.0424448217317487
Tyler	M	3	0.160599571734475	0.0424448217317487
Philip	M	3	0.160599571734475	0.0424448217317487
Philip		3	0	0.0424448217317487
Marcus	M	3	0.160599571734475	0.0424448217317487
Dorothy	F	3	0.274977085242896	0.0424448217317487
Chuck	M	3	0.160599571734475	0.0424448217317487
Sandra	F	3	0.274977085242896	0.0424448217317487
Dani	F	3	0.274977085242896	0.0424448217317487
Stacey	F	3	0.274977085242896	0.0424448217317487
Sofia	F	3	0.274977085242896	0.0424448217317487
Angel		3	0	0.0424448217317487
Veronica	F	3	0.274977085242896	0.0424448217317487
Chloe	F	3	0.274977085242896	0.0424448217317487
Todd	M	3	0.160599571734475	0.0424448217317487
Marie	F	3	0.274977085242896	0.0424448217317487
Wood		3	0	0.0424448217317487
Nikki		3	0	0.0424448217317487
Mary		3	0	0.0424448217317487
Alan	M	3	0.160599571734475	0.0424448217317487
Leigh	F	3	0.274977085242896	0.0424448217317487
Fox		3	0	0.0424448217317487
Chase		3	0	0.0424448217317487
Robin	M	3	0.160599571734475	0.0424448217317487
Simon	M	3	0.160599571734475	0.0424448217317487
Henry	M	3	0.160599571734475	0.0424448217317487
Miner		3	0	0.0424448217317487
Doll		3	0	0.0424448217317487
Bobby	M	3	0.160599571734475	0.0424448217317487
Earl	M	3	0.160599571734475	0.0424448217317487
Lana	F	3	0.274977085242896	0.0424448217317487
Carrie	F	3	0.274977085242896	0.0424448217317487
Curtis		3	0	0.0424448217317487
Alex	F	3	0.274977085242896	0.0424448217317487
Rock		3	0	0.0424448217317487
George		3	0	0.0424448217317487
Love		3	0	0.0424448217317487
Meghan		3	0	0.0424448217317487
Candice	F	3	0.274977085242896	0.0424448217317487
Andrea	F	3	0.274977085242896	0.0424448217317487
Katie	F	3	0.274977085242896	0.0424448217317487
Nico		3	0	0.0424448217317487
Jacqueline	F	3	0.274977085242896	0.0424448217317487
Miller	M	3	0.160599571734475	0.0424448217317487
Brianna	F	3	0.274977085242896	0.0424448217317487
Kurt	M	3	0.160599571734475	0.0424448217317487
Diane	F	3	0.274977085242896	0.0424448217317487
Karl		3	0	0.0424448217317487
Luke		3	0	0.0424448217317487
Roman		3	0	0.0424448217317487
Winona		3	0	0.0424448217317487
Teresa	F	3	0.274977085242896	0.0424448217317487
Orange		3	0	0.0424448217317487
Florida		3	0	0.0424448217317487
Rigoberto	M	3	0.160599571734475	0.0424448217317487
Karlee	F	3	0.274977085242896	0.0424448217317487
Rico	M	3	0.160599571734475	0.0424448217317487
Council		3	0	0.0424448217317487
Beau		3	0	0.0424448217317487
Destiny	F	2	0.183318056828598	0.0282965478211658
Anna		2	0	0.0282965478211658
Ashleigh	F	2	0.183318056828598	0.0282965478211658
Rich	F	2	0.183318056828598	0.0282965478211658
Maggie	F	2	0.183318056828598	0.0282965478211658
Chelsea	F	2	0.183318056828598	0.0282965478211658
Leonard	M	2	0.107066381156317	0.0282965478211658
Hugh	M	2	0.107066381156317	0.0282965478211658
Sue	F	2	0.183318056828598	0.0282965478211658
Evie	F	2	0.183318056828598	0.0282965478211658
Fiona	F	2	0.183318056828598	0.0282965478211658
Perry	M	2	0.107066381156317	0.0282965478211658
June	F	2	0.183318056828598	0.0282965478211658
Doreen	F	2	0.183318056828598	0.0282965478211658
Meadow	F	2	0.183318056828598	0.0282965478211658
Darcy	F	2	0.183318056828598	0.0282965478211658
Ted	M	2	0.107066381156317	0.0282965478211658
Mina		2	0	0.0282965478211658
Cameron	M	2	0.107066381156317	0.0282965478211658
Arthur	M	2	0.107066381156317	0.0282965478211658
Fred	M	2	0.107066381156317	0.0282965478211658
Henry		2	0	0.0282965478211658
Brandon	M	2	0.107066381156317	0.0282965478211658
Jane		2	0	0.0282965478211658
Dale	M	2	0.107066381156317	0.0282965478211658
Brody	M	2	0.107066381156317	0.0282965478211658
Karissa	F	2	0.183318056828598	0.0282965478211658
Ivana	F	2	0.183318056828598	0.0282965478211658
Leah	F	2	0.183318056828598	0.0282965478211658
Jessi	F	2	0.183318056828598	0.0282965478211658
Orange	F	2	0.183318056828598	0.0282965478211658
Elvira		2	0	0.0282965478211658
Derek	M	2	0.107066381156317	0.0282965478211658
Glenn	M	2	0.107066381156317	0.0282965478211658
Stella	F	2	0.183318056828598	0.0282965478211658
Erik	M	2	0.107066381156317	0.0282965478211658
Wing		2	0	0.0282965478211658
London		2	0	0.0282965478211658
Emily	F	2	0.183318056828598	0.0282965478211658
Pink		2	0	0.0282965478211658
Nolan		2	0	0.0282965478211658
Katrina	F	2	0.183318056828598	0.0282965478211658
Julien	M	2	0.107066381156317	0.0282965478211658
Lucas	M	2	0.107066381156317	0.0282965478211658
Grace	F	2	0.183318056828598	0.0282965478211658
Manuel	M	2	0.107066381156317	0.0282965478211658
Luis	M	2	0.107066381156317	0.0282965478211658
Pamela	F	2	0.183318056828598	0.0282965478211658
Francis	M	2	0.107066381156317	0.0282965478211658
Dawn	F	2	0.183318056828598	0.0282965478211658
Harrison	M	2	0.107066381156317	0.0282965478211658
Missy	F	2	0.183318056828598	0.0282965478211658
Lucille	F	2	0.183318056828598	0.0282965478211658
Elvis	M	2	0.107066381156317	0.0282965478211658
Georgia	F	2	0.183318056828598	0.0282965478211658
Winter	F	2	0.183318056828598	0.0282965478211658
Dream	M	2	0.107066381156317	0.0282965478211658
Beyonce	F	2	0.183318056828598	0.0282965478211658
Kirk	M	2	0.107066381156317	0.0282965478211658
Adams	M	2	0.107066381156317	0.0282965478211658
Ethel	F	2	0.183318056828598	0.0282965478211658
Dwayne	M	2	0.107066381156317	0.0282965478211658
Columbus		2	0	0.0282965478211658
Francisco		2	0	0.0282965478211658
Jake		2	0	0.0282965478211658
Lacey	F	2	0.183318056828598	0.0282965478211658
Lindsay	F	2	0.183318056828598	0.0282965478211658
Howard	M	2	0.107066381156317	0.0282965478211658
Jules	F	2	0.183318056828598	0.0282965478211658
Dirk	M	2	0.107066381156317	0.0282965478211658
Lucky	F	2	0.183318056828598	0.0282965478211658
Skip	M	2	0.107066381156317	0.0282965478211658
Francisco	M	2	0.107066381156317	0.0282965478211658
Luigi		2	0	0.0282965478211658
Nina	F	2	0.183318056828598	0.0282965478211658
Maurice	M	2	0.107066381156317	0.0282965478211658
Carolina	F	2	0.183318056828598	0.0282965478211658
Kai	M	2	0.107066381156317	0.0282965478211658
Titan	M	2	0.107066381156317	0.0282965478211658
Fidel	M	2	0.107066381156317	0.0282965478211658
Alexander	M	2	0.107066381156317	0.0282965478211658
Baron	M	2	0.107066381156317	0.0282965478211658
Dick	M	2	0.107066381156317	0.0282965478211658
Washington		2	0	0.0282965478211658
Willy	M	2	0.107066381156317	0.0282965478211658
Dustin	M	2	0.107066381156317	0.0282965478211658
Gina	F	2	0.183318056828598	0.0282965478211658
Doris	F	2	0.183318056828598	0.0282965478211658
Nancy		2	0	0.0282965478211658
Oliver		2	0	0.0282965478211658
Vic		2	0	0.0282965478211658
Angelo	M	2	0.107066381156317	0.0282965478211658
Josie	F	2	0.183318056828598	0.0282965478211658
Markus	M	2	0.107066381156317	0.0282965478211658
Mario	M	2	0.107066381156317	0.0282965478211658
Leroy	M	2	0.107066381156317	0.0282965478211658
Susan		2	0	0.0282965478211658
Jamie		2	0	0.0282965478211658
David		2	0	0.0282965478211658
Ken		2	0	0.0282965478211658
Mark		2	0	0.0282965478211658
Peter		2	0	0.0282965478211658
Frank		2	0	0.0282965478211658
Cindy	F	2	0.183318056828598	0.0282965478211658
Magan		2	0	0.0282965478211658
June		2	0	0.0282965478211658
Amber	F	2	0.183318056828598	0.0282965478211658
Rocco	M	2	0.107066381156317	0.0282965478211658
Raven	M	2	0.107066381156317	0.0282965478211658
Arizona		2	0	0.0282965478211658
Keith		2	0	0.0282965478211658
Linda	F	2	0.183318056828598	0.0282965478211658
Susanne	F	2	0.183318056828598	0.0282965478211658
Selma	F	2	0.183318056828598	0.0282965478211658
Brittney	F	2	0.183318056828598	0.0282965478211658
Johanna	F	2	0.183318056828598	0.0282965478211658
Toy		2	0	0.0282965478211658
Hector	M	2	0.107066381156317	0.0282965478211658
Gordon		2	0	0.0282965478211658
Robyn	F	2	0.183318056828598	0.0282965478211658
Brooke	F	2	0.183318056828598	0.0282965478211658
Eugene	M	2	0.107066381156317	0.0282965478211658
Kerry	F	2	0.183318056828598	0.0282965478211658
Randall	M	2	0.107066381156317	0.0282965478211658
Nick		2	0	0.0282965478211658
Juan	M	2	0.107066381156317	0.0282965478211658
Beatrice	F	2	0.183318056828598	0.0282965478211658
Byron	M	2	0.107066381156317	0.0282965478211658
Emilio	M	2	0.107066381156317	0.0282965478211658
Madison		2	0	0.0282965478211658
Larry		2	0	0.0282965478211658
Ridge		2	0	0.0282965478211658
Bud	F	2	0.183318056828598	0.0282965478211658
Sal	M	2	0.107066381156317	0.0282965478211658
Gregg	M	2	0.107066381156317	0.0282965478211658
Candy	F	2	0.183318056828598	0.0282965478211658
Ken	M	2	0.107066381156317	0.0282965478211658
Rick		2	0	0.0282965478211658
Leroy		2	0	0.0282965478211658
Jon		2	0	0.0282965478211658
Jess		2	0	0.0282965478211658
Van	F	2	0.183318056828598	0.0282965478211658
Levi	M	2	0.107066381156317	0.0282965478211658
Bart	M	2	0.107066381156317	0.0282965478211658
Tristan	M	2	0.107066381156317	0.0282965478211658
Emma	F	2	0.183318056828598	0.0282965478211658
Jerome	M	2	0.107066381156317	0.0282965478211658
Clifford	M	2	0.107066381156317	0.0282965478211658
Edward	M	2	0.107066381156317	0.0282965478211658
Georgia		2	0	0.0282965478211658
Kenny		2	0	0.0282965478211658
Clay	M	2	0.107066381156317	0.0282965478211658
Sergio	M	2	0.107066381156317	0.0282965478211658
Kristen	F	2	0.183318056828598	0.0282965478211658
Britney	F	2	0.183318056828598	0.0282965478211658
Ray	M	2	0.107066381156317	0.0282965478211658
Johnny		2	0	0.0282965478211658
Bill		2	0	0.0282965478211658
Tim		2	0	0.0282965478211658
Rich		2	0	0.0282965478211658
Louise	F	2	0.183318056828598	0.0282965478211658
Lauren		2	0	0.0282965478211658
Cody	M	2	0.107066381156317	0.0282965478211658
Marlee		2	0	0.0282965478211658
Bo		2	0	0.0282965478211658
Daniel		2	0	0.0282965478211658
Ted		2	0	0.0282965478211658
Jess	F	2	0.183318056828598	0.0282965478211658
Tommie	M	2	0.107066381156317	0.0282965478211658
Sebastian	M	2	0.107066381156317	0.0282965478211658
Stephen	M	2	0.107066381156317	0.0282965478211658
Jacob	M	2	0.107066381156317	0.0282965478211658
Brent	M	2	0.107066381156317	0.0282965478211658
Pepper		2	0	0.0282965478211658
Walter	M	2	0.107066381156317	0.0282965478211658
Rock	M	2	0.107066381156317	0.0282965478211658
Dock	M	2	0.107066381156317	0.0282965478211658
Don		2	0	0.0282965478211658
Miranda	M	2	0.107066381156317	0.0282965478211658
Van		2	0	0.0282965478211658
Chantal	F	2	0.183318056828598	0.0282965478211658
Jeffrey	M	2	0.107066381156317	0.0282965478211658
Beth	F	2	0.183318056828598	0.0282965478211658
Diana	F	2	0.183318056828598	0.0282965478211658
Adolfo	M	2	0.107066381156317	0.0282965478211658
Heath	M	2	0.107066381156317	0.0282965478211658
Roosevelt		2	0	0.0282965478211658
Paige	F	2	0.183318056828598	0.0282965478211658
Colonel		2	0	0.0282965478211658
Giovanni	M	2	0.107066381156317	0.0282965478211658
Olive		2	0	0.0282965478211658
Rebecca		2	0	0.0282965478211658
Roger	M	2	0.107066381156317	0.0282965478211658
Bonnie	F	2	0.183318056828598	0.0282965478211658
Clay		2	0	0.0282965478211658
Angeles		2	0	0.0282965478211658
Summer	F	2	0.183318056828598	0.0282965478211658
Phillip	M	2	0.107066381156317	0.0282965478211658
Michel	M	2	0.107066381156317	0.0282965478211658
Trevor	F	2	0.183318056828598	0.0282965478211658
Zack		2	0	0.0282965478211658
Karan	M	2	0.107066381156317	0.0282965478211658
Guido	M	2	0.107066381156317	0.0282965478211658
Art	F	2	0.183318056828598	0.0282965478211658
Eden	F	2	0.183318056828598	0.0282965478211658
Rachel		2	0	0.0282965478211658
Sophie	F	2	0.183318056828598	0.0282965478211658
Kevin		2	0	0.0282965478211658
Marvin	M	2	0.107066381156317	0.0282965478211658
Oscar	M	2	0.107066381156317	0.0282965478211658
Marco	M	2	0.107066381156317	0.0282965478211658
Lou	M	2	0.107066381156317	0.0282965478211658
Pauline	F	2	0.183318056828598	0.0282965478211658
Trace		2	0	0.0282965478211658
Lina	F	2	0.183318056828598	0.0282965478211658
True	F	2	0.183318056828598	0.0282965478211658
Anton	M	2	0.107066381156317	0.0282965478211658
Williams		2	0	0.0282965478211658
Buck	M	2	0.107066381156317	0.0282965478211658
Renee		2	0	0.0282965478211658
Paige		2	0	0.0282965478211658
Matthew	M	2	0.107066381156317	0.0282965478211658
Courtney	F	2	0.183318056828598	0.0282965478211658
Juan		2	0	0.0282965478211658
Rodrigo	M	2	0.107066381156317	0.0282965478211658
Kingsley	M	2	0.107066381156317	0.0282965478211658
Israel	M	2	0.107066381156317	0.0282965478211658
Myrtle	F	2	0.183318056828598	0.0282965478211658
Martina	M	2	0.107066381156317	0.0282965478211658
Doug		2	0	0.0282965478211658
Hill		2	0	0.0282965478211658
Britney		2	0	0.0282965478211658
Blake		2	0	0.0282965478211658
Patti	F	2	0.183318056828598	0.0282965478211658
Lexus		2	0	0.0282965478211658
Blair	M	2	0.107066381156317	0.0282965478211658
Nicholas	M	2	0.107066381156317	0.0282965478211658
Russell	M	2	0.107066381156317	0.0282965478211658
Chester		2	0	0.0282965478211658
Sam	F	2	0.183318056828598	0.0282965478211658
Dana	F	2	0.183318056828598	0.0282965478211658
Franklin	M	2	0.107066381156317	0.0282965478211658
Reese	F	2	0.183318056828598	0.0282965478211658
Cliff	M	2	0.107066381156317	0.0282965478211658
Charlie	F	2	0.183318056828598	0.0282965478211658
Finn	M	2	0.107066381156317	0.0282965478211658
Rocky	M	2	0.107066381156317	0.0282965478211658
Ernest		2	0	0.0282965478211658
Tasha		2	0	0.0282965478211658
Layla	F	2	0.183318056828598	0.0282965478211658
Stone		2	0	0.0282965478211658
Lucy	F	2	0.183318056828598	0.0282965478211658
Liz	F	2	0.183318056828598	0.0282965478211658
Gardner	M	2	0.107066381156317	0.0282965478211658
Dimitri	M	2	0.107066381156317	0.0282965478211658
Colonel	M	2	0.107066381156317	0.0282965478211658
Harry	M	2	0.107066381156317	0.0282965478211658
Luca	M	2	0.107066381156317	0.0282965478211658
Wayne	M	2	0.107066381156317	0.0282965478211658
Brenda	F	2	0.183318056828598	0.0282965478211658
Brown	M	2	0.107066381156317	0.0282965478211658
North		2	0	0.0282965478211658
Sasha	F	2	0.183318056828598	0.0282965478211658
Ross	M	2	0.107066381156317	0.0282965478211658
Crew	F	2	0.183318056828598	0.0282965478211658
Gay	M	2	0.107066381156317	0.0282965478211658
Ace	M	2	0.107066381156317	0.0282965478211658
Geoffrey	M	2	0.107066381156317	0.0282965478211658
Tara	F	2	0.183318056828598	0.0282965478211658
Santa	F	2	0.183318056828598	0.0282965478211658
Stefanie	F	2	0.183318056828598	0.0282965478211658
Makayla	F	2	0.183318056828598	0.0282965478211658
Von	M	2	0.107066381156317	0.0282965478211658
Jackson	M	2	0.107066381156317	0.0282965478211658
Pete		2	0	0.0282965478211658
Ray		2	0	0.0282965478211658
Franklin		2	0	0.0282965478211658
Vince	M	2	0.107066381156317	0.0282965478211658
Rush	M	2	0.107066381156317	0.0282965478211658
India		2	0	0.0282965478211658
Dominique	F	2	0.183318056828598	0.0282965478211658
Casper	M	2	0.107066381156317	0.0282965478211658
Lowell	M	2	0.107066381156317	0.0282965478211658
Tonya	F	2	0.183318056828598	0.0282965478211658
Misty	F	2	0.183318056828598	0.0282965478211658
Williams	M	2	0.107066381156317	0.0282965478211658
Thompson		2	0	0.0282965478211658
Randy	M	2	0.107066381156317	0.0282965478211658
Jefferson		2	0	0.0282965478211658
Silver		2	0	0.0282965478211658
Legend		2	0	0.0282965478211658
Ernesto	M	2	0.107066381156317	0.0282965478211658
Ariel	F	2	0.183318056828598	0.0282965478211658
Zebulon		2	0	0.0282965478211658
Ryland	M	2	0.107066381156317	0.0282965478211658
Morgan	F	2	0.183318056828598	0.0282965478211658
Donald		2	0	0.0282965478211658
Casey		2	0	0.0282965478211658
Lynn	F	2	0.183318056828598	0.0282965478211658
Jonathan	F	2	0.183318056828598	0.0282965478211658
Nico	M	2	0.107066381156317	0.0282965478211658
Armando		2	0	0.0282965478211658
Ramiro	M	2	0.107066381156317	0.0282965478211658
Arielle	F	1	0.0916590284142988	0.0141482739105829
Ham	M	1	0.0535331905781585	0.0141482739105829
Elmer	M	1	0.0535331905781585	0.0141482739105829
Daren	M	1	0.0535331905781585	0.0141482739105829
Selena	F	1	0.0916590284142988	0.0141482739105829
Charity	M	1	0.0535331905781585	0.0141482739105829
Tegan	F	1	0.0916590284142988	0.0141482739105829
Molly	F	1	0.0916590284142988	0.0141482739105829
Lynette	M	1	0.0535331905781585	0.0141482739105829
Gabrielle	M	1	0.0535331905781585	0.0141482739105829
Joyce	F	1	0.0916590284142988	0.0141482739105829
Gavin	M	1	0.0535331905781585	0.0141482739105829
Parker	F	1	0.0916590284142988	0.0141482739105829
Arnold	M	1	0.0535331905781585	0.0141482739105829
Susan	F	1	0.0916590284142988	0.0141482739105829
Wanda	M	1	0.0535331905781585	0.0141482739105829
Farrah	F	1	0.0916590284142988	0.0141482739105829
Rosie	F	1	0.0916590284142988	0.0141482739105829
Hanson	M	1	0.0535331905781585	0.0141482739105829
Harris	M	1	0.0535331905781585	0.0141482739105829
Bernard	M	1	0.0535331905781585	0.0141482739105829
Patsy	F	1	0.0916590284142988	0.0141482739105829
Stacy	F	1	0.0916590284142988	0.0141482739105829
Marilyn	M	1	0.0535331905781585	0.0141482739105829
Ernie	M	1	0.0535331905781585	0.0141482739105829
Joshua	M	1	0.0535331905781585	0.0141482739105829
Page	M	1	0.0535331905781585	0.0141482739105829
Justice	M	1	0.0535331905781585	0.0141482739105829
Clayton	M	1	0.0535331905781585	0.0141482739105829
Ginger	M	1	0.0535331905781585	0.0141482739105829
Jadyn	F	1	0.0916590284142988	0.0141482739105829
Stacie	F	1	0.0916590284142988	0.0141482739105829
Bryce	M	1	0.0535331905781585	0.0141482739105829
Andra	F	1	0.0916590284142988	0.0141482739105829
Webb	F	1	0.0916590284142988	0.0141482739105829
Josef	M	1	0.0535331905781585	0.0141482739105829
Chuck		1	0	0.0141482739105829
Job	F	1	0.0916590284142988	0.0141482739105829
Annette	F	1	0.0916590284142988	0.0141482739105829
Piper	F	1	0.0916590284142988	0.0141482739105829
Javier	M	1	0.0535331905781585	0.0141482739105829
Irena	F	1	0.0916590284142988	0.0141482739105829
Erica	F	1	0.0916590284142988	0.0141482739105829
Rollo		1	0	0.0141482739105829
Karri	M	1	0.0535331905781585	0.0141482739105829
Tony		1	0	0.0141482739105829
Helga	F	1	0.0916590284142988	0.0141482739105829
Shawn	M	1	0.0535331905781585	0.0141482739105829
Hayley	F	1	0.0916590284142988	0.0141482739105829
Michaela	F	1	0.0916590284142988	0.0141482739105829
Indiana		1	0	0.0141482739105829
Imelda	F	1	0.0916590284142988	0.0141482739105829
Iris	F	1	0.0916590284142988	0.0141482739105829
Hedwig	F	1	0.0916590284142988	0.0141482739105829
Isaak	M	1	0.0535331905781585	0.0141482739105829
Andy		1	0	0.0141482739105829
Logan	F	1	0.0916590284142988	0.0141482739105829
Chase	M	1	0.0535331905781585	0.0141482739105829
Colleen	F	1	0.0916590284142988	0.0141482739105829
Genie		1	0	0.0141482739105829
Josh		1	0	0.0141482739105829
Kade	M	1	0.0535331905781585	0.0141482739105829
Lorraine	F	1	0.0916590284142988	0.0141482739105829
Marlana	F	1	0.0916590284142988	0.0141482739105829
Trae	M	1	0.0535331905781585	0.0141482739105829
Deidre	F	1	0.0916590284142988	0.0141482739105829
Jennifer		1	0	0.0141482739105829
Billy		1	0	0.0141482739105829
Christophe		1	0	0.0141482739105829
Damian	M	1	0.0535331905781585	0.0141482739105829
Max		1	0	0.0141482739105829
Virginia		1	0	0.0141482739105829
Regis	M	1	0.0535331905781585	0.0141482739105829
Valerie	M	1	0.0535331905781585	0.0141482739105829
Rigoberto		1	0	0.0141482739105829
Jesus		1	0	0.0141482739105829
Jesenia	F	1	0.0916590284142988	0.0141482739105829
Wash	F	1	0.0916590284142988	0.0141482739105829
Gilmore	F	1	0.0916590284142988	0.0141482739105829
Jeanie	F	1	0.0916590284142988	0.0141482739105829
Anita	F	1	0.0916590284142988	0.0141482739105829
Dwight	M	1	0.0535331905781585	0.0141482739105829
Becky		1	0	0.0141482739105829
Justice		1	0	0.0141482739105829
Cade	M	1	0.0535331905781585	0.0141482739105829
Oral	M	1	0.0535331905781585	0.0141482739105829
Nancy	F	1	0.0916590284142988	0.0141482739105829
Harvey	M	1	0.0535331905781585	0.0141482739105829
Gillian		1	0	0.0141482739105829
Goldie	F	1	0.0916590284142988	0.0141482739105829
Gunnar	M	1	0.0535331905781585	0.0141482739105829
Chloe	M	1	0.0535331905781585	0.0141482739105829
Taryn	F	1	0.0916590284142988	0.0141482739105829
Elton	M	1	0.0535331905781585	0.0141482739105829
Nelly	F	1	0.0916590284142988	0.0141482739105829
Berlin		1	0	0.0141482739105829
Junior		1	0	0.0141482739105829
Von	F	1	0.0916590284142988	0.0141482739105829
Nicole	M	1	0.0535331905781585	0.0141482739105829
Jackeline	F	1	0.0916590284142988	0.0141482739105829
Leticia	F	1	0.0916590284142988	0.0141482739105829
Angelina	F	1	0.0916590284142988	0.0141482739105829
Rocio	F	1	0.0916590284142988	0.0141482739105829
Babe	F	1	0.0916590284142988	0.0141482739105829
Ruben	M	1	0.0535331905781585	0.0141482739105829
Fernando		1	0	0.0141482739105829
Kandi		1	0	0.0141482739105829
Shania	F	1	0.0916590284142988	0.0141482739105829
French		1	0	0.0141482739105829
Ali		1	0	0.0141482739105829
Robbie	M	1	0.0535331905781585	0.0141482739105829
Maverick		1	0	0.0141482739105829
Bea	F	1	0.0916590284142988	0.0141482739105829
Jule	F	1	0.0916590284142988	0.0141482739105829
Lena	F	1	0.0916590284142988	0.0141482739105829
Robin	F	1	0.0916590284142988	0.0141482739105829
Noah	M	1	0.0535331905781585	0.0141482739105829
Gabrielle	F	1	0.0916590284142988	0.0141482739105829
Walker		1	0	0.0141482739105829
Orlando		1	0	0.0141482739105829
Deirdre		1	0	0.0141482739105829
Patricia		1	0	0.0141482739105829
Daryl		1	0	0.0141482739105829
Clementine	F	1	0.0916590284142988	0.0141482739105829
Marlo	F	1	0.0916590284142988	0.0141482739105829
Larue	M	1	0.0535331905781585	0.0141482739105829
Adrienne	F	1	0.0916590284142988	0.0141482739105829
Nash	M	1	0.0535331905781585	0.0141482739105829
Eunice		1	0	0.0141482739105829
Caroline		1	0	0.0141482739105829
Helene	F	1	0.0916590284142988	0.0141482739105829
Adams	F	1	0.0916590284142988	0.0141482739105829
Nadine	F	1	0.0916590284142988	0.0141482739105829
Kelli	F	1	0.0916590284142988	0.0141482739105829
Willie	F	1	0.0916590284142988	0.0141482739105829
Tia	F	1	0.0916590284142988	0.0141482739105829
Alejandra	F	1	0.0916590284142988	0.0141482739105829
Mariana	F	1	0.0916590284142988	0.0141482739105829
Christ	M	1	0.0535331905781585	0.0141482739105829
Kala	M	1	0.0535331905781585	0.0141482739105829
Eve	F	1	0.0916590284142988	0.0141482739105829
Venus	F	1	0.0916590284142988	0.0141482739105829
Reese	M	1	0.0535331905781585	0.0141482739105829
Shelton	F	1	0.0916590284142988	0.0141482739105829
Tyra	F	1	0.0916590284142988	0.0141482739105829
Fredrick	M	1	0.0535331905781585	0.0141482739105829
Frederick	M	1	0.0535331905781585	0.0141482739105829
Bentley		1	0	0.0141482739105829
Reginald	M	1	0.0535331905781585	0.0141482739105829
Keith	M	1	0.0535331905781585	0.0141482739105829
Tania	F	1	0.0916590284142988	0.0141482739105829
Dax	M	1	0.0535331905781585	0.0141482739105829
Olympia	F	1	0.0916590284142988	0.0141482739105829
Atlas	M	1	0.0535331905781585	0.0141482739105829
Bliss		1	0	0.0141482739105829
Francesca	F	1	0.0916590284142988	0.0141482739105829
Eppie	F	1	0.0916590284142988	0.0141482739105829
Deborah		1	0	0.0141482739105829
Penelope	F	1	0.0916590284142988	0.0141482739105829
Casey	M	1	0.0535331905781585	0.0141482739105829
Cherry	F	1	0.0916590284142988	0.0141482739105829
Lynette		1	0	0.0141482739105829
Kay	F	1	0.0916590284142988	0.0141482739105829
Chip	M	1	0.0535331905781585	0.0141482739105829
Kathleen	F	1	0.0916590284142988	0.0141482739105829
Katharina	F	1	0.0916590284142988	0.0141482739105829
Cindy	M	1	0.0535331905781585	0.0141482739105829
Leander	M	1	0.0535331905781585	0.0141482739105829
Junior	M	1	0.0535331905781585	0.0141482739105829
Regina	F	1	0.0916590284142988	0.0141482739105829
Bree	F	1	0.0916590284142988	0.0141482739105829
Etta		1	0	0.0141482739105829
Alecia	M	1	0.0535331905781585	0.0141482739105829
Isaiah	F	1	0.0916590284142988	0.0141482739105829
Emory	M	1	0.0535331905781585	0.0141482739105829
Denny	M	1	0.0535331905781585	0.0141482739105829
Kristin	F	1	0.0916590284142988	0.0141482739105829
Tracy	M	1	0.0535331905781585	0.0141482739105829
Angelica	F	1	0.0916590284142988	0.0141482739105829
Trinidad		1	0	0.0141482739105829
Lee		1	0	0.0141482739105829
Neal		1	0	0.0141482739105829
Murphy		1	0	0.0141482739105829
Marcus		1	0	0.0141482739105829
Lynn		1	0	0.0141482739105829
Viva	M	1	0.0535331905781585	0.0141482739105829
Milford		1	0	0.0141482739105829
Rudolf	M	1	0.0535331905781585	0.0141482739105829
Morris	M	1	0.0535331905781585	0.0141482739105829
Wendy	F	1	0.0916590284142988	0.0141482739105829
Portia	F	1	0.0916590284142988	0.0141482739105829
Stanford		1	0	0.0141482739105829
Cali	F	1	0.0916590284142988	0.0141482739105829
Abbie	F	1	0.0916590284142988	0.0141482739105829
Annie		1	0	0.0141482739105829
Nakita	F	1	0.0916590284142988	0.0141482739105829
Starr	F	1	0.0916590284142988	0.0141482739105829
Ben	M	1	0.0535331905781585	0.0141482739105829
Brendan	M	1	0.0535331905781585	0.0141482739105829
Russ	M	1	0.0535331905781585	0.0141482739105829
Donna	F	1	0.0916590284142988	0.0141482739105829
James	F	1	0.0916590284142988	0.0141482739105829
Pearl	M	1	0.0535331905781585	0.0141482739105829
Ana	F	1	0.0916590284142988	0.0141482739105829
Rod	M	1	0.0535331905781585	0.0141482739105829
Lindy	F	1	0.0916590284142988	0.0141482739105829
Olivia		1	0	0.0141482739105829
Bambi	F	1	0.0916590284142988	0.0141482739105829
Frances	F	1	0.0916590284142988	0.0141482739105829
Miley	F	1	0.0916590284142988	0.0141482739105829
Luanne	F	1	0.0916590284142988	0.0141482739105829
Ann	M	1	0.0535331905781585	0.0141482739105829
Lidia	F	1	0.0916590284142988	0.0141482739105829
Kelvin	M	1	0.0535331905781585	0.0141482739105829
Jonathon	M	1	0.0535331905781585	0.0141482739105829
Herbert	F	1	0.0916590284142988	0.0141482739105829
Sam		1	0	0.0141482739105829
Roy	M	1	0.0535331905781585	0.0141482739105829
Ronald	M	1	0.0535331905781585	0.0141482739105829
Dean	F	1	0.0916590284142988	0.0141482739105829
Niles	M	1	0.0535331905781585	0.0141482739105829
Moriah	F	1	0.0916590284142988	0.0141482739105829
Scot	M	1	0.0535331905781585	0.0141482739105829
Mathilde	F	1	0.0916590284142988	0.0141482739105829
Laurence	F	1	0.0916590284142988	0.0141482739105829
Rudolph	M	1	0.0535331905781585	0.0141482739105829
Jens	M	1	0.0535331905781585	0.0141482739105829
Rachel	M	1	0.0535331905781585	0.0141482739105829
Stacy	M	1	0.0535331905781585	0.0141482739105829
Giuliana		1	0	0.0141482739105829
Kimberlee	F	1	0.0916590284142988	0.0141482739105829
Sonia		1	0	0.0141482739105829
Ronnie		1	0	0.0141482739105829
Carlos		1	0	0.0141482739105829
Maria		1	0	0.0141482739105829
Frances		1	0	0.0141482739105829
Amir	M	1	0.0535331905781585	0.0141482739105829
York	F	1	0.0916590284142988	0.0141482739105829
Abe	M	1	0.0535331905781585	0.0141482739105829
River	M	1	0.0535331905781585	0.0141482739105829
Jan	M	1	0.0535331905781585	0.0141482739105829
Renee	M	1	0.0535331905781585	0.0141482739105829
Rene	M	1	0.0535331905781585	0.0141482739105829
Janelle	F	1	0.0916590284142988	0.0141482739105829
Glynis	F	1	0.0916590284142988	0.0141482739105829
America	M	1	0.0535331905781585	0.0141482739105829
Dennis		1	0	0.0141482739105829
Titan		1	0	0.0141482739105829
Gregory	M	1	0.0535331905781585	0.0141482739105829
Cheyenne	M	1	0.0535331905781585	0.0141482739105829
Randy		1	0	0.0141482739105829
Brian		1	0	0.0141482739105829
Dena		1	0	0.0141482739105829
Cathy	F	1	0.0916590284142988	0.0141482739105829
Melody		1	0	0.0141482739105829
Jamie	M	1	0.0535331905781585	0.0141482739105829
Roxie	F	1	0.0916590284142988	0.0141482739105829
Francesco	M	1	0.0535331905781585	0.0141482739105829
Frida	F	1	0.0916590284142988	0.0141482739105829
Saverio	M	1	0.0535331905781585	0.0141482739105829
Claudio		1	0	0.0141482739105829
Percy	M	1	0.0535331905781585	0.0141482739105829
Hank		1	0	0.0141482739105829
Titus	M	1	0.0535331905781585	0.0141482739105829
Eli	M	1	0.0535331905781585	0.0141482739105829
Cheryl		1	0	0.0141482739105829
Lucky	M	1	0.0535331905781585	0.0141482739105829
Gemma	F	1	0.0916590284142988	0.0141482739105829
Manly	M	1	0.0535331905781585	0.0141482739105829
Venus		1	0	0.0141482739105829
Marcy	F	1	0.0916590284142988	0.0141482739105829
Gia	F	1	0.0916590284142988	0.0141482739105829
Ramon	M	1	0.0535331905781585	0.0141482739105829
Karel	M	1	0.0535331905781585	0.0141482739105829
Holly		1	0	0.0141482739105829
Leslie		1	0	0.0141482739105829
Gabe	M	1	0.0535331905781585	0.0141482739105829
Tommy		1	0	0.0141482739105829
Dominique		1	0	0.0141482739105829
Darren	M	1	0.0535331905781585	0.0141482739105829
Dino	M	1	0.0535331905781585	0.0141482739105829
Naomi	F	1	0.0916590284142988	0.0141482739105829
Sabrina	F	1	0.0916590284142988	0.0141482739105829
Latasha	F	1	0.0916590284142988	0.0141482739105829
Nora	F	1	0.0916590284142988	0.0141482739105829
German	M	1	0.0535331905781585	0.0141482739105829
Spencer		1	0	0.0141482739105829
Seamus		1	0	0.0141482739105829
Clayton		1	0	0.0141482739105829
Khloe		1	0	0.0141482739105829
Mimi	M	1	0.0535331905781585	0.0141482739105829
Bianca	M	1	0.0535331905781585	0.0141482739105829
Sherry	M	1	0.0535331905781585	0.0141482739105829
Dallas	M	1	0.0535331905781585	0.0141482739105829
Betty	M	1	0.0535331905781585	0.0141482739105829
Bee	M	1	0.0535331905781585	0.0141482739105829
Babe		1	0	0.0141482739105829
Lawrence		1	0	0.0141482739105829
Leon		1	0	0.0141482739105829
Elliott		1	0	0.0141482739105829
Damon		1	0	0.0141482739105829
Luna	F	1	0.0916590284142988	0.0141482739105829
Cecily	F	1	0.0916590284142988	0.0141482739105829
Dell		1	0	0.0141482739105829
Bryan	M	1	0.0535331905781585	0.0141482739105829
Laurette	F	1	0.0916590284142988	0.0141482739105829
Jacky	F	1	0.0916590284142988	0.0141482739105829
Mathilde		1	0	0.0141482739105829
Karen		1	0	0.0141482739105829
Davy		1	0	0.0141482739105829
Kris		1	0	0.0141482739105829
Anna	M	1	0.0535331905781585	0.0141482739105829
Selah		1	0	0.0141482739105829
Johan	M	1	0.0535331905781585	0.0141482739105829
Dana		1	0	0.0141482739105829
Brigitte		1	0	0.0141482739105829
Anson	F	1	0.0916590284142988	0.0141482739105829
Marlo	M	1	0.0535331905781585	0.0141482739105829
Burrell		1	0	0.0141482739105829
Kate		1	0	0.0141482739105829
Blaine	M	1	0.0535331905781585	0.0141482739105829
Lewis		1	0	0.0141482739105829
Lonnie	M	1	0.0535331905781585	0.0141482739105829
Clint		1	0	0.0141482739105829
Arthur		1	0	0.0141482739105829
Romeo		1	0	0.0141482739105829
Conor	M	1	0.0535331905781585	0.0141482739105829
Tariq	M	1	0.0535331905781585	0.0141482739105829
Alvin	M	1	0.0535331905781585	0.0141482739105829
Phil		1	0	0.0141482739105829
Natalie		1	0	0.0141482739105829
Mack		1	0	0.0141482739105829
Florida	M	1	0.0535331905781585	0.0141482739105829
Eliza		1	0	0.0141482739105829
Rory		1	0	0.0141482739105829
Victor	M	1	0.0535331905781585	0.0141482739105829
Elmira	F	1	0.0916590284142988	0.0141482739105829
Alice	M	1	0.0535331905781585	0.0141482739105829
Rodolfo		1	0	0.0141482739105829
Perry	F	1	0.0916590284142988	0.0141482739105829
Dani		1	0	0.0141482739105829
Stephen		1	0	0.0141482739105829
Korbin	M	1	0.0535331905781585	0.0141482739105829
Greg		1	0	0.0141482739105829
Terrie		1	0	0.0141482739105829
Marius		1	0	0.0141482739105829
Bruce	F	1	0.0916590284142988	0.0141482739105829
Roxana	F	1	0.0916590284142988	0.0141482739105829
Todd		1	0	0.0141482739105829
Shana		1	0	0.0141482739105829
Deena	F	1	0.0916590284142988	0.0141482739105829
Buster		1	0	0.0141482739105829
Manly		1	0	0.0141482739105829
Rene	F	1	0.0916590284142988	0.0141482739105829
Eileen	F	1	0.0916590284142988	0.0141482739105829
Shepherd		1	0	0.0141482739105829
Winter		1	0	0.0141482739105829
Jess	M	1	0.0535331905781585	0.0141482739105829
Britta	F	1	0.0916590284142988	0.0141482739105829
Bernice	F	1	0.0916590284142988	0.0141482739105829
Gregory		1	0	0.0141482739105829
May	M	1	0.0535331905781585	0.0141482739105829
Branch		1	0	0.0141482739105829
Drake	M	1	0.0535331905781585	0.0141482739105829
Marquis		1	0	0.0141482739105829
Griffin		1	0	0.0141482739105829
Karma	F	1	0.0916590284142988	0.0141482739105829
Lacie	F	1	0.0916590284142988	0.0141482739105829
Carlisle	M	1	0.0535331905781585	0.0141482739105829
Baron		1	0	0.0141482739105829
Sonny		1	0	0.0141482739105829
Felix		1	0	0.0141482739105829
Bristol		1	0	0.0141482739105829
Con		1	0	0.0141482739105829
Alison	F	1	0.0916590284142988	0.0141482739105829
Jefferson	M	1	0.0535331905781585	0.0141482739105829
Lou	F	1	0.0916590284142988	0.0141482739105829
Florian	M	1	0.0535331905781585	0.0141482739105829
Crystal	M	1	0.0535331905781585	0.0141482739105829
Daryl	M	1	0.0535331905781585	0.0141482739105829
Sydney	M	1	0.0535331905781585	0.0141482739105829
Kate	M	1	0.0535331905781585	0.0141482739105829
Emily	M	1	0.0535331905781585	0.0141482739105829
Laura		1	0	0.0141482739105829
Marie		1	0	0.0141482739105829
Abraham	M	1	0.0535331905781585	0.0141482739105829
Jared		1	0	0.0141482739105829
Sherrie	F	1	0.0916590284142988	0.0141482739105829
Tenisha	F	1	0.0916590284142988	0.0141482739105829
Kristin	M	1	0.0535331905781585	0.0141482739105829
Paloma	F	1	0.0916590284142988	0.0141482739105829
Ali	F	1	0.0916590284142988	0.0141482739105829
Jillian		1	0	0.0141482739105829
Sawyer		1	0	0.0141482739105829
Kara		1	0	0.0141482739105829
Melody	F	1	0.0916590284142988	0.0141482739105829
Trevor	M	1	0.0535331905781585	0.0141482739105829
Jean	F	1	0.0916590284142988	0.0141482739105829
Patrice	F	1	0.0916590284142988	0.0141482739105829
Jared	M	1	0.0535331905781585	0.0141482739105829
Grant	M	1	0.0535331905781585	0.0141482739105829
Clyde	M	1	0.0535331905781585	0.0141482739105829
Phoenix	M	1	0.0535331905781585	0.0141482739105829
Shana	F	1	0.0916590284142988	0.0141482739105829
Callie	F	1	0.0916590284142988	0.0141482739105829
Caylee	F	1	0.0916590284142988	0.0141482739105829
Kenneth	M	1	0.0535331905781585	0.0141482739105829
Tad	M	1	0.0535331905781585	0.0141482739105829
Anastasia	F	1	0.0916590284142988	0.0141482739105829
Lucian	M	1	0.0535331905781585	0.0141482739105829
Kale	M	1	0.0535331905781585	0.0141482739105829
Winter	M	1	0.0535331905781585	0.0141482739105829
Blane		1	0	0.0141482739105829
Dante	M	1	0.0535331905781585	0.0141482739105829
Ritchie	M	1	0.0535331905781585	0.0141482739105829
Mohammed	M	1	0.0535331905781585	0.0141482739105829
Raul		1	0	0.0141482739105829
Marshal	M	1	0.0535331905781585	0.0141482739105829
Stephanie		1	0	0.0141482739105829
Raquel	F	1	0.0916590284142988	0.0141482739105829
Terrie	F	1	0.0916590284142988	0.0141482739105829
Barbie		1	0	0.0141482739105829
Louise		1	0	0.0141482739105829
Case	M	1	0.0535331905781585	0.0141482739105829
Nicky		1	0	0.0141482739105829
Dash	M	1	0.0535331905781585	0.0141482739105829
Joel		1	0	0.0141482739105829
Madden		1	0	0.0141482739105829
Kimberly	F	1	0.0916590284142988	0.0141482739105829
Brooke	M	1	0.0535331905781585	0.0141482739105829
Renard		1	0	0.0141482739105829
Jessie	F	1	0.0916590284142988	0.0141482739105829
Clarence	M	1	0.0535331905781585	0.0141482739105829
Angel	M	1	0.0535331905781585	0.0141482739105829
Christi		1	0	0.0141482739105829
Tracy		1	0	0.0141482739105829
Patty	F	1	0.0916590284142988	0.0141482739105829
Sunny	M	1	0.0535331905781585	0.0141482739105829
Jonathan		1	0	0.0141482739105829
Jayden	M	1	0.0535331905781585	0.0141482739105829
Philip	F	1	0.0916590284142988	0.0141482739105829
Stan	F	1	0.0916590284142988	0.0141482739105829
Felicity	F	1	0.0916590284142988	0.0141482739105829
Milo		1	0	0.0141482739105829
Elder		1	0	0.0141482739105829
Gena		1	0	0.0141482739105829
Dorothy	M	1	0.0535331905781585	0.0141482739105829
Trey	M	1	0.0535331905781585	0.0141482739105829
Brenton	M	1	0.0535331905781585	0.0141482739105829
Patricia	F	1	0.0916590284142988	0.0141482739105829
Hugo	M	1	0.0535331905781585	0.0141482739105829
Otto	M	1	0.0535331905781585	0.0141482739105829
Dani	M	1	0.0535331905781585	0.0141482739105829
Maxwell		1	0	0.0141482739105829
Job		1	0	0.0141482739105829
Marshal		1	0	0.0141482739105829
Molly		1	0	0.0141482739105829
Noble		1	0	0.0141482739105829
Wayne		1	0	0.0141482739105829
Davis		1	0	0.0141482739105829
Marissa	F	1	0.0916590284142988	0.0141482739105829
Jill	F	1	0.0916590284142988	0.0141482739105829
Julio	M	1	0.0535331905781585	0.0141482739105829
Cole	M	1	0.0535331905781585	0.0141482739105829
Kara	F	1	0.0916590284142988	0.0141482739105829
Mickie	M	1	0.0535331905781585	0.0141482739105829
Lizzie	F	1	0.0916590284142988	0.0141482739105829
Harper		1	0	0.0141482739105829
Dillon	M	1	0.0535331905781585	0.0141482739105829
Walker	M	1	0.0535331905781585	0.0141482739105829
Skylar	F	1	0.0916590284142988	0.0141482739105829
Rohan	M	1	0.0535331905781585	0.0141482739105829
Elena	F	1	0.0916590284142988	0.0141482739105829
August	M	1	0.0535331905781585	0.0141482739105829
Eden		1	0	0.0141482739105829
Hank	M	1	0.0535331905781585	0.0141482739105829
Darrick	M	1	0.0535331905781585	0.0141482739105829
Micah		1	0	0.0141482739105829
Giles	M	1	0.0535331905781585	0.0141482739105829
Job	M	1	0.0535331905781585	0.0141482739105829
Susannah	M	1	0.0535331905781585	0.0141482739105829
Caitlin	M	1	0.0535331905781585	0.0141482739105829
Darlene	F	1	0.0916590284142988	0.0141482739105829
Sky	F	1	0.0916590284142988	0.0141482739105829
Myron		1	0	0.0141482739105829
Amanda		1	0	0.0141482739105829
Long	M	1	0.0535331905781585	0.0141482739105829
Elle	F	1	0.0916590284142988	0.0141482739105829
Brooklyn	M	1	0.0535331905781585	0.0141482739105829
Troy	F	1	0.0916590284142988	0.0141482739105829
Floyd	M	1	0.0535331905781585	0.0141482739105829
Hattie	F	1	0.0916590284142988	0.0141482739105829
Drew	F	1	0.0916590284142988	0.0141482739105829
Marianna	F	1	0.0916590284142988	0.0141482739105829
Barry		1	0	0.0141482739105829
Johnathan		1	0	0.0141482739105829
Vivian	F	1	0.0916590284142988	0.0141482739105829
London	F	1	0.0916590284142988	0.0141482739105829
Lea	F	1	0.0916590284142988	0.0141482739105829
Angelica		1	0	0.0141482739105829
Bonnie		1	0	0.0141482739105829
Tito	M	1	0.0535331905781585	0.0141482739105829
Hernan	M	1	0.0535331905781585	0.0141482739105829
Alberto	M	1	0.0535331905781585	0.0141482739105829
Reyes	M	1	0.0535331905781585	0.0141482739105829
Boston	F	1	0.0916590284142988	0.0141482739105829
Caesar	M	1	0.0535331905781585	0.0141482739105829
Villa		1	0	0.0141482739105829
German		1	0	0.0141482739105829
Rodolfo	M	1	0.0535331905781585	0.0141482739105829
Emeline	F	1	0.0916590284142988	0.0141482739105829
Jeremiah	M	1	0.0535331905781585	0.0141482739105829
Tea	M	1	0.0535331905781585	0.0141482739105829
Mikaela	F	1	0.0916590284142988	0.0141482739105829
Dianna	F	1	0.0916590284142988	0.0141482739105829
Taylor	M	1	0.0535331905781585	0.0141482739105829
Margaret	F	1	0.0916590284142988	0.0141482739105829
Marla	F	1	0.0916590284142988	0.0141482739105829
Tracy	F	1	0.0916590284142988	0.0141482739105829
Natalya		1	0	0.0141482739105829
Eva		1	0	0.0141482739105829
Cameron		1	0	0.0141482739105829
Lana		1	0	0.0141482739105829
Christie	F	1	0.0916590284142988	0.0141482739105829
Deja	F	1	0.0916590284142988	0.0141482739105829
Jenna	F	1	0.0916590284142988	0.0141482739105829
Joy	F	1	0.0916590284142988	0.0141482739105829
Rodney	M	1	0.0535331905781585	0.0141482739105829
Heavenly	F	1	0.0916590284142988	0.0141482739105829
Dale		1	0	0.0141482739105829
Estela	F	1	0.0916590284142988	0.0141482739105829
Arturo	M	1	0.0535331905781585	0.0141482739105829
Valeria	F	1	0.0916590284142988	0.0141482739105829
Valentina	F	1	0.0916590284142988	0.0141482739105829
Rosario	F	1	0.0916590284142988	0.0141482739105829
Garth	M	1	0.0535331905781585	0.0141482739105829
Tiny	M	1	0.0535331905781585	0.0141482739105829
Paola	F	1	0.0916590284142988	0.0141482739105829
Autumn	F	1	0.0916590284142988	0.0141482739105829
Helena	F	1	0.0916590284142988	0.0141482739105829
Savannah	F	1	0.0916590284142988	0.0141482739105829
Dori	M	1	0.0535331905781585	0.0141482739105829
Vincent	M	1	0.0535331905781585	0.0141482739105829
Arne	M	1	0.0535331905781585	0.0141482739105829
Tobias	M	1	0.0535331905781585	0.0141482739105829
Kori	F	1	0.0916590284142988	0.0141482739105829
Zeno		1	0	0.0141482739105829
Aditya	M	1	0.0535331905781585	0.0141482739105829
Cathy		1	0	0.0141482739105829
Kiara	F	1	0.0916590284142988	0.0141482739105829
Sandy	F	1	0.0916590284142988	0.0141482739105829
Flora	M	1	0.0535331905781585	0.0141482739105829
Nicki	M	1	0.0535331905781585	0.0141482739105829
Ela		1	0	0.0141482739105829
Werner	M	1	0.0535331905781585	0.0141482739105829
Gerry	M	1	0.0535331905781585	0.0141482739105829
Vicki	M	1	0.0535331905781585	0.0141482739105829
Lulu	M	1	0.0535331905781585	0.0141482739105829
Krista	F	1	0.0916590284142988	0.0141482739105829
Jane	M	1	0.0535331905781585	0.0141482739105829
Blair	F	1	0.0916590284142988	0.0141482739105829
Quincy	M	1	0.0535331905781585	0.0141482739105829
Kaiser	M	1	0.0535331905781585	0.0141482739105829
Mila	F	1	0.0916590284142988	0.0141482739105829
Charmaine	F	1	0.0916590284142988	0.0141482739105829
Martin	F	1	0.0916590284142988	0.0141482739105829
Toy	M	1	0.0535331905781585	0.0141482739105829
Dayton	M	1	0.0535331905781585	0.0141482739105829
Ransom	M	1	0.0535331905781585	0.0141482739105829
Treasure	M	1	0.0535331905781585	0.0141482739105829
Daisy	F	1	0.0916590284142988	0.0141482739105829
Davie	M	1	0.0535331905781585	0.0141482739105829
Kobe	M	1	0.0535331905781585	0.0141482739105829
Carmine		1	0	0.0141482739105829
Ricardo	M	1	0.0535331905781585	0.0141482739105829
Terry		1	0	0.0141482739105829
Mattie	F	1	0.0916590284142988	0.0141482739105829
Willow		1	0	0.0141482739105829
Garland		1	0	0.0141482739105829
Nicholas		1	0	0.0141482739105829
Leila	F	1	0.0916590284142988	0.0141482739105829
Devin	F	1	0.0916590284142988	0.0141482739105829
Brady		1	0	0.0141482739105829
Nonie		1	0	0.0141482739105829
Robyn		1	0	0.0141482739105829
Rosemary		1	0	0.0141482739105829
Rhonda	F	1	0.0916590284142988	0.0141482739105829
Donald	M	1	0.0535331905781585	0.0141482739105829
Conway	M	1	0.0535331905781585	0.0141482739105829
Caitlin	F	1	0.0916590284142988	0.0141482739105829
Alycia	F	1	0.0916590284142988	0.0141482739105829
Mariano	M	1	0.0535331905781585	0.0141482739105829
Jones	M	1	0.0535331905781585	0.0141482739105829
Kristy	F	1	0.0916590284142988	0.0141482739105829
Garret	M	1	0.0535331905781585	0.0141482739105829
Mindy	F	1	0.0916590284142988	0.0141482739105829
Lyric		1	0	0.0141482739105829
Aretha		1	0	0.0141482739105829
Adriana		1	0	0.0141482739105829
Tawny		1	0	0.0141482739105829
Chloe		1	0	0.0141482739105829
Hubbard		1	0	0.0141482739105829
Terry	F	1	0.0916590284142988	0.0141482739105829
Carmen	F	1	0.0916590284142988	0.0141482739105829
Brenna	F	1	0.0916590284142988	0.0141482739105829
Brandon		1	0	0.0141482739105829
Penny	F	1	0.0916590284142988	0.0141482739105829
Buddy	F	1	0.0916590284142988	0.0141482739105829
Justin		1	0	0.0141482739105829
Imogene		1	0	0.0141482739105829
Kathryn	F	1	0.0916590284142988	0.0141482739105829
Sally	F	1	0.0916590284142988	0.0141482739105829
Meryl	F	1	0.0916590284142988	0.0141482739105829
Rusty		1	0	0.0141482739105829
Dewitt		1	0	0.0141482739105829
Monique	F	1	0.0916590284142988	0.0141482739105829
Liam	M	1	0.0535331905781585	0.0141482739105829
Shelley	F	1	0.0916590284142988	0.0141482739105829
Newman	M	1	0.0535331905781585	0.0141482739105829
Maison		1	0	0.0141482739105829
Bee		1	0	0.0141482739105829
Lee	F	1	0.0916590284142988	0.0141482739105829
Lyle	M	1	0.0535331905781585	0.0141482739105829
Elder	M	1	0.0535331905781585	0.0141482739105829
Valerie	F	1	0.0916590284142988	0.0141482739105829
Elaine	F	1	0.0916590284142988	0.0141482739105829
Vicky	F	1	0.0916590284142988	0.0141482739105829
Joan	F	1	0.0916590284142988	0.0141482739105829
Gerardo	M	1	0.0535331905781585	0.0141482739105829
Annabell	F	1	0.0916590284142988	0.0141482739105829
Maximus	M	1	0.0535331905781585	0.0141482739105829
Rosa		1	0	0.0141482739105829
Jeremie	M	1	0.0535331905781585	0.0141482739105829
Pedro		1	0	0.0141482739105829
Miner	M	1	0.0535331905781585	0.0141482739105829
Lawrence	M	1	0.0535331905781585	0.0141482739105829
Baldwin	M	1	0.0535331905781585	0.0141482739105829
Kirstie	F	1	0.0916590284142988	0.0141482739105829
Andy	F	1	0.0916590284142988	0.0141482739105829
Emanuel	M	1	0.0535331905781585	0.0141482739105829
Park	F	1	0.0916590284142988	0.0141482739105829
Mia	F	1	0.0916590284142988	0.0141482739105829
Aiden	M	1	0.0535331905781585	0.0141482739105829
Indiana	M	1	0.0535331905781585	0.0141482739105829
Thad	M	1	0.0535331905781585	0.0141482739105829
Aubrey	F	1	0.0916590284142988	0.0141482739105829
Jordan	F	1	0.0916590284142988	0.0141482739105829
Claudia	F	1	0.0916590284142988	0.0141482739105829
Cassie		1	0	0.0141482739105829
North	M	1	0.0535331905781585	0.0141482739105829
Marian	F	1	0.0916590284142988	0.0141482739105829
Robin		1	0	0.0141482739105829
Wyatt	M	1	0.0535331905781585	0.0141482739105829
Tyler		1	0	0.0141482739105829
Jillian	F	1	0.0916590284142988	0.0141482739105829
Jonah	M	1	0.0535331905781585	0.0141482739105829
Karina	F	1	0.0916590284142988	0.0141482739105829
Shantel	F	1	0.0916590284142988	0.0141482739105829
Lucky		1	0	0.0141482739105829
Mack	F	1	0.0916590284142988	0.0141482739105829
Elyse	F	1	0.0916590284142988	0.0141482739105829
Ashlyn	F	1	0.0916590284142988	0.0141482739105829
Desiree	F	1	0.0916590284142988	0.0141482739105829
Sarah		1	0	0.0141482739105829
Colie		1	0	0.0141482739105829
Gale		1	0	0.0141482739105829
Hanna		1	0	0.0141482739105829
Ace	F	1	0.0916590284142988	0.0141482739105829
Murphy	M	1	0.0535331905781585	0.0141482739105829
Hideo	M	1	0.0535331905781585	0.0141482739105829
Alexa	F	1	0.0916590284142988	0.0141482739105829
Mills		1	0	0.0141482739105829
Geraldo		1	0	0.0141482739105829
Roxy		1	0	0.0141482739105829
Rod		1	0	0.0141482739105829
Damien	M	1	0.0535331905781585	0.0141482739105829
Constance	F	1	0.0916590284142988	0.0141482739105829
Kasey	F	1	0.0916590284142988	0.0141482739105829
Jessie	M	1	0.0535331905781585	0.0141482739105829
Armando	M	1	0.0535331905781585	0.0141482739105829
Ines	F	1	0.0916590284142988	0.0141482739105829
Dorothea	F	1	0.0916590284142988	0.0141482739105829
Turner	F	1	0.0916590284142988	0.0141482739105829
Norma	F	1	0.0916590284142988	0.0141482739105829
Sonja	F	1	0.0916590284142988	0.0141482739105829
Lathan	M	1	0.0535331905781585	0.0141482739105829
Brook	F	1	0.0916590284142988	0.0141482739105829
Sidney	M	1	0.0535331905781585	0.0141482739105829
Jace	M	1	0.0535331905781585	0.0141482739105829
Sebastian		1	0	0.0141482739105829
Emerald		1	0	0.0141482739105829
Ogden		1	0	0.0141482739105829
Roxanne	F	1	0.0916590284142988	0.0141482739105829
Agatha	F	1	0.0916590284142988	0.0141482739105829
Ann	F	1	0.0916590284142988	0.0141482739105829
Richie	M	1	0.0535331905781585	0.0141482739105829
Crystal	F	1	0.0916590284142988	0.0141482739105829
Kaylee	F	1	0.0916590284142988	0.0141482739105829
Benji	M	1	0.0535331905781585	0.0141482739105829
Weaver	F	1	0.0916590284142988	0.0141482739105829
Monroe	M	1	0.0535331905781585	0.0141482739105829
Lindsay	M	1	0.0535331905781585	0.0141482739105829
Troy	M	1	0.0535331905781585	0.0141482739105829
Deanna	F	1	0.0916590284142988	0.0141482739105829
Heather		1	0	0.0141482739105829
Russ		1	0	0.0141482739105829
Boss	F	1	0.0916590284142988	0.0141482739105829
Meghan	F	1	0.0916590284142988	0.0141482739105829
Denver		1	0	0.0141482739105829
Rogers		1	0	0.0141482739105829
Ally	M	1	0.0535331905781585	0.0141482739105829
Hassan	F	1	0.0916590284142988	0.0141482739105829
Sean	M	1	0.0535331905781585	0.0141482739105829
Dee	M	1	0.0535331905781585	0.0141482739105829
Megan	F	1	0.0916590284142988	0.0141482739105829
Gladys	F	1	0.0916590284142988	0.0141482739105829
Martha	F	1	0.0916590284142988	0.0141482739105829
Alice	F	1	0.0916590284142988	0.0141482739105829
Tyson	M	1	0.0535331905781585	0.0141482739105829
Quinn	M	1	0.0535331905781585	0.0141482739105829
Serena	F	1	0.0916590284142988	0.0141482739105829
Milena	F	1	0.0916590284142988	0.0141482739105829
Carmella	F	1	0.0916590284142988	0.0141482739105829
Marley	F	1	0.0916590284142988	0.0141482739105829
Alexandra	F	1	0.0916590284142988	0.0141482739105829
Urban	M	1	0.0535331905781585	0.0141482739105829
Cynthia		1	0	0.0141482739105829
Nia	F	1	0.0916590284142988	0.0141482739105829
Grace		1	0	0.0141482739105829
Elijah	M	1	0.0535331905781585	0.0141482739105829
Lillie	F	1	0.0916590284142988	0.0141482739105829
Rae	F	1	0.0916590284142988	0.0141482739105829
Liv	F	1	0.0916590284142988	0.0141482739105829
Silver	M	1	0.0535331905781585	0.0141482739105829
Colson	M	1	0.0535331905781585	0.0141482739105829
Carrie	M	1	0.0535331905781585	0.0141482739105829
Rosa	F	1	0.0916590284142988	0.0141482739105829
Bradley	M	1	0.0535331905781585	0.0141482739105829
Caitlyn	F	1	0.0916590284142988	0.0141482739105829
Dylan	M	1	0.0535331905781585	0.0141482739105829
Camille	F	1	0.0916590284142988	0.0141482739105829
Evan	M	1	0.0535331905781585	0.0141482739105829
Kenya	M	1	0.0535331905781585	0.0141482739105829
Israel		1	0	0.0141482739105829
Sierra	M	1	0.0535331905781585	0.0141482739105829
Virgil	M	1	0.0535331905781585	0.0141482739105829
Morgan	M	1	0.0535331905781585	0.0141482739105829
Josephine	F	1	0.0916590284142988	0.0141482739105829
Gigi	F	1	0.0916590284142988	0.0141482739105829
Shannon	F	1	0.0916590284142988	0.0141482739105829
Marsh	M	1	0.0535331905781585	0.0141482739105829
Skylar	M	1	0.0535331905781585	0.0141482739105829
Bailey	F	1	0.0916590284142988	0.0141482739105829
Dusty	M	1	0.0535331905781585	0.0141482739105829
Corey		1	0	0.0141482739105829
Titus		1	0	0.0141482739105829
Byron		1	0	0.0141482739105829
Tucker	M	1	0.0535331905781585	0.0141482739105829
Alberto		1	0	0.0141482739105829
Theodore	M	1	0.0535331905781585	0.0141482739105829
Joe	F	1	0.0916590284142988	0.0141482739105829
Sammy	M	1	0.0535331905781585	0.0141482739105829
Hanna	F	1	0.0916590284142988	0.0141482739105829
Jasmine	F	1	0.0916590284142988	0.0141482739105829
Thor	F	1	0.0916590284142988	0.0141482739105829
Peggy	F	1	0.0916590284142988	0.0141482739105829
Gaston	M	1	0.0535331905781585	0.0141482739105829
Xena	F	1	0.0916590284142988	0.0141482739105829
China		1	0	0.0141482739105829
Frankie	F	1	0.0916590284142988	0.0141482739105829
Simpson	M	1	0.0535331905781585	0.0141482739105829
Alicia		1	0	0.0141482739105829
Meg	M	1	0.0535331905781585	0.0141482739105829
Raven		1	0	0.0141482739105829
French	F	1	0.0916590284142988	0.0141482739105829
Kristin		1	0	0.0141482739105829
Scott		1	0	0.0141482739105829
Aliyah	F	1	0.0916590284142988	0.0141482739105829
Sasha		1	0	0.0141482739105829
Tessa	F	1	0.0916590284142988	0.0141482739105829
Trinidad	M	1	0.0535331905781585	0.0141482739105829
Hellen	F	1	0.0916590284142988	0.0141482739105829
Keifer		1	0	0.0141482739105829
Booker		1	0	0.0141482739105829
Shelby	F	1	0.0916590284142988	0.0141482739105829
Callie		1	0	0.0141482739105829
Adrianne	F	1	0.0916590284142988	0.0141482739105829
Theresa	F	1	0.0916590284142988	0.0141482739105829
Devin	M	1	0.0535331905781585	0.0141482739105829
Sullivan	M	1	0.0535331905781585	0.0141482739105829
Oney	M	1	0.0535331905781585	0.0141482739105829
Santino	M	1	0.0535331905781585	0.0141482739105829
Buck		1	0	0.0141482739105829
Darren		1	0	0.0141482739105829
Jakob	M	1	0.0535331905781585	0.0141482739105829
Bertha	F	1	0.0916590284142988	0.0141482739105829
Enzo		1	0	0.0141482739105829
Dudley		1	0	0.0141482739105829
Cass		1	0	0.0141482739105829
Harry		1	0	0.0141482739105829
Norman	M	1	0.0535331905781585	0.0141482739105829
Dewey	M	1	0.0535331905781585	0.0141482739105829
Collette	F	1	0.0916590284142988	0.0141482739105829
Katy	M	1	0.0535331905781585	0.0141482739105829
Adrianna	F	1	0.0916590284142988	0.0141482739105829
Nakia	F	1	0.0916590284142988	0.0141482739105829
Banks	M	1	0.0535331905781585	0.0141482739105829
Hallie		1	0	0.0141482739105829
Eli		1	0	0.0141482739105829
Simon		1	0	0.0141482739105829
Gabriel	M	1	0.0535331905781585	0.0141482739105829
Bert	M	1	0.0535331905781585	0.0141482739105829
Maya	F	1	0.0916590284142988	0.0141482739105829
Otis	M	1	0.0535331905781585	0.0141482739105829
Sally		1	0	0.0141482739105829
Carmen		1	0	0.0141482739105829
Rachael	F	1	0.0916590284142988	0.0141482739105829
Jaime	M	1	0.0535331905781585	0.0141482739105829
Saundra	F	1	0.0916590284142988	0.0141482739105829
Kimber	F	1	0.0916590284142988	0.0141482739105829
Kristi	F	1	0.0916590284142988	0.0141482739105829
Erika	F	1	0.0916590284142988	0.0141482739105829
Aaron		1	0	0.0141482739105829
Billie	F	1	0.0916590284142988	0.0141482739105829
Peyton	F	1	0.0916590284142988	0.0141482739105829
Cooper	M	1	0.0535331905781585	0.0141482739105829
Catherine	F	1	0.0916590284142988	0.0141482739105829
Ingrid	F	1	0.0916590284142988	0.0141482739105829
Lynette	F	1	0.0916590284142988	0.0141482739105829
Leo	M	1	0.0535331905781585	0.0141482739105829
Grey	F	1	0.0916590284142988	0.0141482739105829
Lewis	F	1	0.0916590284142988	0.0141482739105829
Kaia	F	1	0.0916590284142988	0.0141482739105829
Kennedy	M	1	0.0535331905781585	0.0141482739105829
Kaylani	F	1	0.0916590284142988	0.0141482739105829
Bernie	M	1	0.0535331905781585	0.0141482739105829
Shannon	M	1	0.0535331905781585	0.0141482739105829
Thor		1	0	0.0141482739105829
Idella	F	1	0.0916590284142988	0.0141482739105829
Michele	F	1	0.0916590284142988	0.0141482739105829
Ryan		1	0	0.0141482739105829
Nigel	M	1	0.0535331905781585	0.0141482739105829
Cleo	F	1	0.0916590284142988	0.0141482739105829
Addie	F	1	0.0916590284142988	0.0141482739105829
Doc		1	0	0.0141482739105829
Warren		1	0	0.0141482739105829
Stevie	M	1	0.0535331905781585	0.0141482739105829
Adan	M	1	0.0535331905781585	0.0141482739105829
Landon	M	1	0.0535331905781585	0.0141482739105829
Seth		1	0	0.0141482739105829
Zayn		1	0	0.0141482739105829
Jayden	F	1	0.0916590284142988	0.0141482739105829
Alana		1	0	0.0141482739105829
Blaine		1	0	0.0141482739105829
Geoff	M	1	0.0535331905781585	0.0141482739105829
Lance	M	1	0.0535331905781585	0.0141482739105829
Apollo		1	0	0.0141482739105829
Alexa		1	0	0.0141482739105829
Carmella		1	0	0.0141482739105829
Juli	F	1	0.0916590284142988	0.0141482739105829
Donnie	M	1	0.0535331905781585	0.0141482739105829
Curt	M	1	0.0535331905781585	0.0141482739105829
Gordon	M	1	0.0535331905781585	0.0141482739105829
Gordon	F	1	0.0916590284142988	0.0141482739105829
Ibrahim	M	1	0.0535331905781585	0.0141482739105829
Killian	M	1	0.0535331905781585	0.0141482739105829
Ford	M	1	0.0535331905781585	0.0141482739105829
Faith	F	1	0.0916590284142988	0.0141482739105829
Brandin	M	1	0.0535331905781585	0.0141482739105829
Kurt		1	0	0.0141482739105829
Dick		1	0	0.0141482739105829
Benedict		1	0	0.0141482739105829
Trevor		1	0	0.0141482739105829
Huey		1	0	0.0141482739105829
Toby		1	0	0.0141482739105829
Rodney		1	0	0.0141482739105829
Susie	F	1	0.0916590284142988	0.0141482739105829
Heidi	F	1	0.0916590284142988	0.0141482739105829
Jasper		1	0	0.0141482739105829
Bianca	F	1	0.0916590284142988	0.0141482739105829
Daphne	F	1	0.0916590284142988	0.0141482739105829
Hudson		1	0	0.0141482739105829
Delores	F	1	0.0916590284142988	0.0141482739105829
Shirley	F	1	0.0916590284142988	0.0141482739105829
Algot	M	1	0.0535331905781585	0.0141482739105829
Timothy		1	0	0.0141482739105829
Miranda		1	0	0.0141482739105829
Vic	M	1	0.0535331905781585	0.0141482739105829
Jasmine	M	1	0.0535331905781585	0.0141482739105829
Kayden	M	1	0.0535331905781585	0.0141482739105829
Wren	M	1	0.0535331905781585	0.0141482739105829
Abigail	F	1	0.0916590284142988	0.0141482739105829
Emmett	M	1	0.0535331905781585	0.0141482739105829
Jude	M	1	0.0535331905781585	0.0141482739105829
Selina	F	1	0.0916590284142988	0.0141482739105829
Raina	F	1	0.0916590284142988	0.0141482739105829
Lars	M	1	0.0535331905781585	0.0141482739105829
Marci	M	1	0.0535331905781585	0.0141482739105829
Karin	F	1	0.0916590284142988	0.0141482739105829
Cassie	F	1	0.0916590284142988	0.0141482739105829
Nova	M	1	0.0535331905781585	0.0141482739105829
Jay		1	0	0.0141482739105829
Kierra	F	1	0.0916590284142988	0.0141482739105829
Kaylin	F	1	0.0916590284142988	0.0141482739105829
Kesha	F	1	0.0916590284142988	0.0141482739105829
Ward	F	1	0.0916590284142988	0.0141482739105829
Hope	F	1	0.0916590284142988	0.0141482739105829
Stanley		1	0	0.0141482739105829
Butch	M	1	0.0535331905781585	0.0141482739105829
Lula	F	1	0.0916590284142988	0.0141482739105829
Lilly	F	1	0.0916590284142988	0.0141482739105829
Handy	M	1	0.0535331905781585	0.0141482739105829
Freddie	M	1	0.0535331905781585	0.0141482739105829
Gil	M	1	0.0535331905781585	0.0141482739105829
Charity		1	0	0.0141482739105829
Carter	F	1	0.0916590284142988	0.0141482739105829
Less		1	0	0.0141482739105829
Sunday		1	0	0.0141482739105829
Gunnar		1	0	0.0141482739105829
Vicki	F	1	0.0916590284142988	0.0141482739105829
Cora	F	1	0.0916590284142988	0.0141482739105829
Samuel		1	0	0.0141482739105829
Anthony		1	0	0.0141482739105829
Ferris	M	1	0.0535331905781585	0.0141482739105829
Apollo	M	1	0.0535331905781585	0.0141482739105829
Larry	F	1	0.0916590284142988	0.0141482739105829
Isabella	F	1	0.0916590284142988	0.0141482739105829
Lawson	M	1	0.0535331905781585	0.0141482739105829
Madeline	F	1	0.0916590284142988	0.0141482739105829
Rocco		1	0	0.0141482739105829
Duke	F	1	0.0916590284142988	0.0141482739105829
Belle	F	1	0.0916590284142988	0.0141482739105829
Ronnie	M	1	0.0535331905781585	0.0141482739105829
Candace	F	1	0.0916590284142988	0.0141482739105829
Mercedes	F	1	0.0916590284142988	0.0141482739105829
Patricia	M	1	0.0535331905781585	0.0141482739105829
Ward	M	1	0.0535331905781585	0.0141482739105829
Darian	F	1	0.0916590284142988	0.0141482739105829
Jade	F	1	0.0916590284142988	0.0141482739105829
Taylor	F	1	0.0916590284142988	0.0141482739105829
Mel	M	1	0.0535331905781585	0.0141482739105829
Beverly	M	1	0.0535331905781585	0.0141482739105829
Kenan	M	1	0.0535331905781585	0.0141482739105829
Harvey		1	0	0.0141482739105829
True		1	0	0.0141482739105829
Lu	M	1	0.0535331905781585	0.0141482739105829
Anson		1	0	0.0141482739105829
Shep	M	1	0.0535331905781585	0.0141482739105829
Thomas		1	0	0.0141482739105829
Joanne	F	1	0.0916590284142988	0.0141482739105829
Zane	M	1	0.0535331905781585	0.0141482739105829
Shepherd	M	1	0.0535331905781585	0.0141482739105829
Carter	M	1	0.0535331905781585	0.0141482739105829
Price	M	1	0.0535331905781585	0.0141482739105829
Catalina	F	1	0.0916590284142988	0.0141482739105829
Georgina	F	1	0.0916590284142988	0.0141482739105829
Aurora	F	1	0.0916590284142988	0.0141482739105829
Kristina	F	1	0.0916590284142988	0.0141482739105829
Langston		1	0	0.0141482739105829
Freeman	M	1	0.0535331905781585	0.0141482739105829
Missouri		1	0	0.0141482739105829
Carolina		1	0	0.0141482739105829
Ashley		1	0	0.0141482739105829
Sophie		1	0	0.0141482739105829
Katie		1	0	0.0141482739105829
Murray	M	1	0.0535331905781585	0.0141482739105829
Rae	M	1	0.0535331905781585	0.0141482739105829
Weston	M	1	0.0535331905781585	0.0141482739105829
Alberta	M	1	0.0535331905781585	0.0141482739105829
Sunshine	M	1	0.0535331905781585	0.0141482739105829
Bertrand	F	1	0.0916590284142988	0.0141482739105829
Tate	M	1	0.0535331905781585	0.0141482739105829
Todd	F	1	0.0916590284142988	0.0141482739105829
Paulo	M	1	0.0535331905781585	0.0141482739105829
Eddy	M	1	0.0535331905781585	0.0141482739105829
Media	M	1	0.0535331905781585	0.0141482739105829
Sebrina	F	1	0.0916590284142988	0.0141482739105829
Tobe	M	1	0.0535331905781585	0.0141482739105829
Sheri	F	1	0.0916590284142988	0.0141482739105829
Alida		1	0	0.0141482739105829
Theo	M	1	0.0535331905781585	0.0141482739105829
Hardy	M	1	0.0535331905781585	0.0141482739105829
Cory		1	0	0.0141482739105829
Cleveland	M	1	0.0535331905781585	0.0141482739105829
Ann		1	0	0.0141482739105829
Cher		1	0	0.0141482739105829
Tatiana	F	1	0.0916590284142988	0.0141482739105829
Tammi	F	1	0.0916590284142988	0.0141482739105829
Bella	F	1	0.0916590284142988	0.0141482739105829
Katherine	F	1	0.0916590284142988	0.0141482739105829
Shira	F	1	0.0916590284142988	0.0141482739105829
Tye	M	1	0.0535331905781585	0.0141482739105829
Rock	F	1	0.0916590284142988	0.0141482739105829
Chastity	F	1	0.0916590284142988	0.0141482739105829
India	F	1	0.0916590284142988	0.0141482739105829
Miles	M	1	0.0535331905781585	0.0141482739105829
Kylie		1	0	0.0141482739105829
Jeannie	F	1	0.0916590284142988	0.0141482739105829
Kerry	M	1	0.0535331905781585	0.0141482739105829
Theo		1	0	0.0141482739105829
Patrick		1	0	0.0141482739105829
Dane	M	1	0.0535331905781585	0.0141482739105829
Brody	F	1	0.0916590284142988	0.0141482739105829
Laurie	F	1	0.0916590284142988	0.0141482739105829
Ross	F	1	0.0916590284142988	0.0141482739105829
Russell		1	0	0.0141482739105829
Lori	F	1	0.0916590284142988	0.0141482739105829
Azul		1	0	0.0141482739105829
Merrill		1	0	0.0141482739105829
Zion	M	1	0.0535331905781585	0.0141482739105829
Les	M	1	0.0535331905781585	0.0141482739105829
Shaun	M	1	0.0535331905781585	0.0141482739105829
Gus	M	1	0.0535331905781585	0.0141482739105829
Wash	M	1	0.0535331905781585	0.0141482739105829
Darla	F	1	0.0916590284142988	0.0141482739105829
Armond	M	1	0.0535331905781585	0.0141482739105829
Johny	M	1	0.0535331905781585	0.0141482739105829
Golden	M	1	0.0535331905781585	0.0141482739105829
German	F	1	0.0916590284142988	0.0141482739105829
Geno	M	1	0.0535331905781585	0.0141482739105829
Andres	M	1	0.0535331905781585	0.0141482739105829
Lucio	M	1	0.0535331905781585	0.0141482739105829
Roberto	M	1	0.0535331905781585	0.0141482739105829
Horacio	M	1	0.0535331905781585	0.0141482739105829
Camila	F	1	0.0916590284142988	0.0141482739105829
Leonor	F	1	0.0916590284142988	0.0141482739105829
Natalia	F	1	0.0916590284142988	0.0141482739105829
Rafael	M	1	0.0535331905781585	0.0141482739105829
Jeannine	F	1	0.0916590284142988	0.0141482739105829
