name	sex	total	realFreq	cinemaFreq	ratio	
James	M	5150472	1.47950831636849	0.428176833846333	0.775551624020286	True
John	M	5115466	1.46945260339252	1.01717971236934	0.590940845608011	True
Robert	M	4814815	1.38308854688964	0.431639926970292	0.762146275220891	True
Michael	M	4350824	1.24980395797815	0.511291068821357	0.709674344063908	True
Mary	F	4123200	1.18441740680283	0.504503406298397	0.70128652427936	True
William	M	4102604	1.17850106490563	0.268874550144203	0.814233052326956	True
David	M	3611329	1.03737896034436	0.614768291365262	0.627897397929206	True
Joseph	M	2603445	0.747857386411959	0.171769418948383	0.813218342541595	True
Richard	M	2563082	0.736262838538758	0.352958451193936	0.675953404031833	True
Charles	M	2386048	0.685408610949524	0.289514585163001	0.703038571328048	True
Thomas	M	2304948	0.662112081144588	0.326638943451845	0.669644900155562	True
Christopher	M	2022164	0.580880442619818	0.0681536726795198	0.894992156694125	True
Daniel	M	1907357	0.547901346475364	0.292285059662168	0.652118794678138	True
Elizabeth	F	1629679	0.46813644138073	0.182435745770178	0.719576475334535	True
Matthew	M	1590440	0.456864770196811	0.089347802598151	0.836423020911145	True
Patricia	F	1571692	0.451479278941781	0.098628892170362	0.82071000332359	True
Jennifer	F	1466281	0.421199248075344	0.14988267040496	0.737546111066149	True
George	M	1464186	0.420597444993453	0.425406359347165	0.497157864817487	False
Linda	F	1452249	0.41716846008246	0.196565165715932	0.679722346221091	True
Barbara	F	1434060	0.411943545401548	0.193240596316931	0.680691242556017	True
Anthony	M	1432718	0.411558046720929	0.106663268217948	0.794174293601704	True
Donald	M	1410998	0.405318828134453	0.0750798589274385	0.843713438547001	True
Paul	M	1386815	0.398372095948599	0.596483159670757	0.400432217348632	False
Mark	M	1349865	0.387757955673724	0.33384217714968	0.537358487111891	True
Edward	M	1288725	0.370195072415108	0.132151633610288	0.73693142201353	True
Andrew	M	1283910	0.368811930725703	0.142540912982166	0.721247442473209	True
Steven	M	1280424	0.367810553377984	0.0973821786457367	0.790662725485636	True
Kenneth	M	1272659	0.365580004007635	0.0386481192633862	0.904390325565067	True
Margaret	F	1246649	0.358108453573278	0.12522544736237	0.740913171784648	True
Joshua	M	1202454	0.345413137485373	0.0466824953109719	0.880941047524447	True
Kevin	M	1166731	0.335151461354402	0.186729981243888	0.642198465011103	True
Brian	M	1163937	0.334348865740654	0.182435745770178	0.646979144296068	True
Susan	F	1121440	0.322141311768763	0.20529216038831	0.61077145986068	True
Dorothy	F	1107096	0.318020899641488	0.0682921964044782	0.823220602398754	True
Ronald	M	1078011	0.309666034421062	0.0346309312395934	0.899415520049264	True
Sarah	F	1073895	0.308483685263515	0.401441754929367	0.434529695371534	False
Timothy	M	1068556	0.306950020989426	0.0358776447642188	0.895347871983003	True
Jessica	F	1044939	0.300165876175577	0.153761334703795	0.661264337059855	True
Jason	M	1028809	0.29553242333028	0.200305306289808	0.596026493499633	True
Helen	F	1018290	0.292510768619823	0.227040385206774	0.563006676946867	True
Nancy	F	1002010	0.287834227248376	0.137831106333582	0.676198422893078	True
Betty	F	999474	0.287105743899605	0.158886712527255	0.643745740006005	True
Karen	F	985655	0.283136141613854	0.165674375050215	0.63085897299902	True
Jeffrey	M	973741	0.279713763610204	0.0369858345638858	0.883214772683246	True
Lisa	F	964973	0.277195095628334	0.267212265444703	0.509168529760467	True
Ryan	M	924877	0.265677245331679	0.133952442034747	0.664808580870209	True
Jacob	M	919481	0.264127207417654	0.10735588684274	0.711007341918262	True
Frank	M	910332	0.261499094579364	0.502009979249146	0.342496380911511	False
Gary	M	899959	0.258519379367692	0.124948399912453	0.674161933117277	True
Nicholas	M	895397	0.257208913659059	0.0479292088355973	0.842926185545902	True
Anna	F	888505	0.255229139510901	0.504918977473272	0.33576237815796	False
Eric	M	874738	0.251274474580882	0.209032300962186	0.545884805376652	True
Sandra	F	873512	0.250922297693818	0.130904920085663	0.657161894201934	True
Stephen	M	856765	0.246111607377625	0.0907330398477347	0.73063832067656	True
Ashley	F	843819	0.242392780314066	0.0617815813314346	0.796887610786086	True
Emily	F	841491	0.241724046388223	0.182989840670012	0.569145614857371	True
Kimberly	F	835149	0.239902263502613	0.0189777503192972	0.926692871963641	True
Jonathan	M	833875	0.239536298287182	0.114420596815617	0.676738613094721	True
Donna	F	830704	0.238625406844377	0.0900404212229429	0.726042644127578	True
Ruth	F	823577	0.236578127338585	0.13796963005854	0.63163674769449	True
Carol	F	816169	0.234450128660472	0.133259823409955	0.637595276767402	True
Michelle	F	809254	0.232463747604971	0.118714832289326	0.661953094277394	True
Larry	M	805366	0.231346893007171	0.167198136024757	0.580478681591177	True
Laura	F	794653	0.22826951046956	0.339660173597932	0.401932698489542	False
Amanda	F	784888	0.225464447417214	0.131043443810621	0.632424843783123	True
Justin	M	773093	0.222076252977643	0.0684307201294366	0.764443794937021	True
Raymond	M	771843	0.221717181926396	0.0716167658034792	0.755852446136137	True
Scott	M	771059	0.221491972563054	0.137554058883665	0.616890184444004	True
Brandon	M	753641	0.216488532906551	0.0513923019595566	0.80815237497209	True
Melissa	F	753166	0.216352085907077	0.0754954301023136	0.741318921830795	True
Samuel	M	749990	0.215439758180067	0.0889322314232759	0.707817294425902	True
Rebecca	F	746921	0.214558166935045	0.110264885066865	0.660538608983279	True
Deborah	F	740362	0.212674049314939	0.0292285059662168	0.879172396784956	True
Stephanie	F	739285	0.212364673697184	0.0675995777796863	0.758542108776087	True
Benjamin	M	734953	0.211120277061981	0.0850535671244414	0.712825528675295	True
Sharon	F	721410	0.207229957664345	0.0648291032805189	0.761709449943087	True
Kathleen	F	711605	0.20441340433836	0.0292285059662168	0.874900415220393	True
Cynthia	F	708760	0.203596158625721	0.0580414407575586	0.778160933694655	True
Gregory	M	706753	0.203019634145838	0.0332456939900097	0.85928661538144	True
Amy	F	690250	0.198279034498849	0.168029278374507	0.541290021358047	True
Shirley	F	685222	0.196834707102311	0.0418341649374288	0.82471880568295	True
Jack	M	685056	0.196787022466705	0.636377992458768	0.236192133540686	False
Henry	M	679050	0.195061757879671	0.313340665855841	0.383675900768618	False
Patrick	M	672425	0.19315868130806	0.139908962207957	0.579938295023158	True
Angela	F	663696	0.190651216342988	0.149467099230085	0.560543809649755	True
Alexander	M	661068	0.189896305364846	0.106663268217948	0.640331057502787	True
Catherine	F	658856	0.189260893232558	0.127441826961704	0.597597940164415	True
Emma	F	654013	0.187869708351605	0.187007028693804	0.501150617753185	True
Virginia	F	648386	0.18625331410731	0.0682921964044782	0.731709287399451	True
Katherine	F	635010	0.182410966602121	0.0727249556031462	0.714956032162982	True
Walter	M	620767	0.178319567415787	0.19074716926768	0.483163476118749	False
Dennis	M	617425	0.177359555053171	0.0955813702212778	0.649809312673911	True
Jerry	M	612189	0.175855478233706	0.155285095678337	0.531059894461669	True
Brenda	F	606832	0.17431664333648	0.0594266780071423	0.745760958364324	True
Pamela	F	594174	0.170680546243128	0.0457128292362633	0.788751253891241	True
Frances	F	589342	0.169292521187425	0.0382325480885111	0.815769014211603	True
Nicole	F	585774	0.168267588778745	0.106801791942906	0.611727806044028	True
Christine	F	584566	0.167920582514819	0.11497469171545	0.593578605976063	True
Tyler	M	584201	0.167815733767855	0.0659372930801858	0.717918976411584	True
Aaron	M	575297	0.165257998855609	0.082698663800149	0.666479364117911	True
Peter	M	574930	0.165152575594963	0.509490260396898	0.244800013850522	False
Samantha	F	570659	0.16392570162706	0.126195113437078	0.565025648334886	True
Rachel	F	562969	0.161716696519786	0.190193074367847	0.459540228484941	False
Evelyn	F	562951	0.161711525896648	0.0601192966319342	0.728985828269252	True
Jose	M	560679	0.161058878353901	0.0487603511853475	0.767607805574243	True
Alice	F	560070	0.160883938937733	0.28189578029029	0.363349837292075	False
Douglas	M	557332	0.16009742970708	0.0455743055113049	0.778412403323609	True
Janet	F	555931	0.159694982872842	0.0966895600209448	0.622872896588775	True
Carolyn	F	554834	0.159379862118268	0.0246572230425905	0.866020356598026	True
Debra	F	550339	0.158088642617982	0.0134368013209622	0.921662926430057	True
Adam	M	549775	0.157926629759659	0.257100033522741	0.380521647719293	False
Harold	M	549571	0.157868029364095	0.0843609484996495	0.651730568144068	True
Martha	F	548387	0.157527917264354	0.123840210112786	0.559864113724604	True
Maria	F	543324	0.156073535878381	0.440089874192753	0.261796569936686	False
Nathan	M	542579	0.155859529531837	0.0797896655760232	0.661404888145269	True
Marie	F	536143	0.154010744503174	0.242416518677154	0.388496853792614	False
Zachary	M	531709	0.152737047670189	0.00941961329716941	0.94191041403433	True
Arthur	M	527281	0.15146507437825	0.170661229148716	0.470203993650492	False
Heather	F	524517	0.150671096469732	0.0748028114775218	0.668241828251716	True
Diane	F	517994	0.148797320095902	0.0879625653485673	0.628473526317876	True
Julie	F	507819	0.145874481738748	0.228010051281483	0.390159177113793	False
Joyce	F	507211	0.145699829579421	0.0452972580613882	0.762837964594651	True
Carl	M	502692	0.144401715914951	0.165397327600298	0.466114143789612	False
Grace	F	490185	0.14080899460459	0.132567204785164	0.51507408076823	True
Albert	M	487565	0.140056381681175	0.148081861980501	0.486073559348912	False
Victoria	F	486583	0.139774295463315	0.110818979966699	0.557773528533296	True
Rose	F	481286	0.138252695976549	0.159163759977171	0.464845482517827	False
Joan	F	479918	0.137859728618064	0.116498452689992	0.541990542270392	True
Kyle	M	477768	0.137242126409918	0.0940576092467357	0.593351851528456	True
Christina	F	475751	0.136662729361625	0.0525004917592236	0.722459305523862	True
Kelly	F	471024	0.135304866274228	0.110680456241741	0.550052600254002	True
Ann	F	468347	0.134535879710876	0.136030297909123	0.497238349945672	False
Lauren	F	466475	0.133998134904528	0.0660758168051442	0.669743031311607	True
Doris	F	461821	0.132661241566523	0.0670454828798528	0.664280293687079	True
Jean	F	457788	0.131502734726779	0.0861617569241084	0.604153363414445	True
Lawrence	M	456773	0.131211169033166	0.0475136376607222	0.734151970620948	True
Julia	F	455999	0.130988832238233	0.220252722683814	0.372930908665702	False
Judith	F	452151	0.129883467914073	0.059703725457059	0.685085662193521	True
Kathryn	F	451229	0.129618617106673	0.0146835148455876	0.898244643742025	True
Joe	M	450780	0.129489638785065	0.484001895004557	0.21106996861911	False
Mildred	F	450608	0.129440230608413	0.0185621791444221	0.87458191271736	True
Willie	M	448702	0.128892719069471	0.0554094899833494	0.699355258582553	True
Gerald	M	447212	0.128464706376384	0.0468210190359303	0.732887438918395	True
Roger	M	439209	0.126165789877877	0.161241615851547	0.438978910643152	False
Lillian	F	439193	0.126161193768421	0.0317219330154676	0.799079650487992	True
Cheryl	F	439193	0.126161193768421	0.0361546922141355	0.777257216721098	True
Megan	F	436520	0.125393356232434	0.0613660101565595	0.67141669334676	True
Keith	M	434474	0.124805628735752	0.0613660101565595	0.670379384735095	True
Olivia	F	434319	0.124761103925397	0.0853306145743581	0.593841131941345	True
Jeremy	M	434246	0.124740134176004	0.0749413352024801	0.624695594259509	True
Andrea	F	431157	0.123852797794162	0.0917027059224433	0.574574973307077	True
Hannah	F	427766	0.122878709846338	0.0939190855217773	0.566789480666508	True
Sara	F	422998	0.121509069228459	0.20016678256485	0.377737615525252	False
Terry	M	422580	0.121388995868922	0.0966895600209448	0.556629675822988	True
Harry	M	420908	0.120908702430773	0.316526711529884	0.276403552551983	False
Jacqueline	F	420651	0.120834877422637	0.0353235498643853	0.773796710955215	True
Jesse	M	416530	0.119651091980884	0.0702315285538954	0.630131876439784	True
Sean	M	416478	0.119636154625152	0.119684498364035	0.499898997979741	False
Christian	M	414880	0.119177118193238	0.103754269993822	0.534591019965468	True
Teresa	F	413333	0.118732731860214	0.104446888618614	0.532005259286108	True
Ethan	M	413193	0.118692515902474	0.0577643933076418	0.672643063021925	True
Ralph	M	412417	0.11846960459386	0.0806208079257734	0.595054292642932	True
Gloria	F	411295	0.11814730241826	0.107771458017615	0.522963662647198	True
Austin	M	407627	0.117093644325479	0.0238260806928403	0.83092444517797	True
Janice	F	405595	0.116509938424572	0.0410030225876786	0.739684770547298	True
Roy	M	404333	0.116147420291232	0.122039401688327	0.48763159660109	False
Theresa	F	403324	0.115857578138665	0.0318604567404259	0.784315728499204	True
Louis	M	394969	0.113457547232127	0.129796730285996	0.466415425001824	False
Billy	M	382386	0.10984299440185	0.255022177648366	0.301050916382703	False
Bruce	M	382257	0.109805938269361	0.0976592260956534	0.529274100572221	True
Judy	F	381936	0.109713728823401	0.0854691382993165	0.562107373668308	True
Bryan	M	379564	0.109032355596553	0.0308907906657173	0.779230302556119	True
Eugene	M	378539	0.10873791733453	0.0351850261394269	0.755528720507348	True
Beverly	F	376914	0.108271124967909	0.0231334620680484	0.82395240082663	True
Noah	M	375210	0.107781639310848	0.0527775392091403	0.671289180128871	True
Madison	F	373651	0.107333805895732	0.0256268891172991	0.807259663355494	True
Denise	F	371952	0.106845756522877	0.0602578203568925	0.639398381039756	True
Jane	F	370390	0.106397061337238	0.249342704925073	0.299086780359507	False
Marilyn	F	370302	0.10637178273523	0.042249736112304	0.71572261917437	True
Amber	F	369899	0.106256018228308	0.0549939188084743	0.658952308329089	True
Jordan	M	369745	0.106211780674794	0.0408644988627202	0.722154388245203	True
Danielle	F	366310	0.105225053425966	0.0374014057387609	0.737766709222137	True
Dylan	M	361125	0.103735626705392	0.0523619680342652	0.664556214837291	True
Brittany	F	358160	0.102883910171833	0.0162072758201297	0.863908687405099	True
Diana	F	357575	0.102715864919849	0.122454972863202	0.456168595947644	False
Abigail	F	356404	0.10237948715904	0.0362932159390939	0.738281470482259	True
Russell	M	352885	0.101368630335569	0.0477906851106389	0.679599728869271	True
Wayne	M	352008	0.101116706086013	0.0491759223602226	0.672798840045476	True
Irene	F	351710	0.101031103547396	0.102646080194155	0.496035450272112	False
Annie	F	349367	0.100358060768938	0.144203197681667	0.410359602353812	False
Charlotte	F	348876	0.100217017660008	0.134506536934581	0.426957651664322	False
Ruby	F	348077	0.0999874994440503	0.0552709662583911	0.644006747018099	True
Natalie	F	347341	0.0997760784090758	0.0785429520513978	0.559536905014702	True
Alan	M	346678	0.0995856271234941	0.142679436707125	0.411060619095785	False
Howard	M	344897	0.0990740226896767	0.078958523226273	0.556493882508708	True
Juan	M	344846	0.0990593725907859	0.182020174595303	0.352424691097156	False
Fred	M	342878	0.0984940511277018	0.17883412892126	0.355153418272578	False
Lori	F	340797	0.0978962696415851	0.0292285059662168	0.770080176531513	True
Philip	M	338871	0.097343012965823	0.0951657990464027	0.505654842229461	True
Vincent	M	337626	0.0969853781987805	0.136168821634081	0.415970968004459	False
Gabriel	M	337623	0.0969845164282575	0.110818979966699	0.4667126304936	False
Alexis	F	336623	0.0966972595872595	0.0239646044177986	0.801390401056675	True
Kayla	F	336512	0.0966653740779088	0.0185621791444221	0.838908502130506	True
Tiffany	F	336115	0.0965513331120326	0.0414185937625537	0.699799842612058	True
Sophia	F	336037	0.0965289270784347	0.0469595427608887	0.672729503537996	True
Florence	F	335187	0.0962847587635865	0.0491759223602226	0.66192979449638	True
Kathy	F	333534	0.0958099232054168	0.0637209134808519	0.600573062835716	True
Louise	F	332672	0.0955623078084766	0.13035082518583	0.423004659100031	False
Lois	F	331960	0.095357780937686	0.0271506500918412	0.778377293189745	True
Tammy	F	331729	0.0952914246074155	0.0270121263668829	0.77913865826709	True
Crystal	F	329879	0.0947599994515692	0.0379555006385944	0.714008532441136	True
Randy	M	327285	0.0940148552060205	0.0543013001836825	0.633881420125778	True
Bonnie	F	323996	0.0930700674559782	0.0408644988627202	0.694892065686144	True
Phyllis	F	322369	0.0926027005756745	0.0256268891172991	0.783244709011943	True
Anne	F	321103	0.0922390334149711	0.204461018038559	0.310883105557593	False
Isabella	F	320723	0.0921298758153918	0.0412800700375953	0.690577267132059	True
Logan	M	320461	0.0920546145230504	0.0317219330154676	0.743716126792145	True
Taylor	F	317936	0.0913292909995305	0.0325530753652178	0.737225915838809	True
Victor	M	315431	0.0906097126128306	0.180357889895802	0.334393159086035	False
Bobby	M	313213	0.0899725769394971	0.169414515624091	0.346866052779556	False
Erin	F	312491	0.0897651775002965	0.0339383126148015	0.72564789737764	True
Johnny	M	311565	0.0894991776655324	0.275523688942205	0.245187865892551	False
Phillip	M	307300	0.0882740272386761	0.0494529698101394	0.640934814017535	True
Martin	M	306299	0.0879864831408371	0.314587379380466	0.218559850333505	False
Alyssa	F	304582	0.0874932631448436	0.0145449911206292	0.857455507982452	True
Josephine	F	304208	0.0873858290863104	0.0261809840171326	0.769466243687885	True
Bradley	M	304142	0.0873668701348045	0.0259039365672159	0.771309684097501	True
Clarence	M	302433	0.086875948193539	0.0278432687166331	0.757292025986936	True
Shawn	M	301891	0.0867202549857181	0.025211317942424	0.774761336029744	True
Travis	M	301265	0.0865404322032533	0.0598422491820174	0.591193106891408	True
Ernest	M	300826	0.0864143264500552	0.0404489276878451	0.681161200201619	True
Stanley	M	298828	0.0858403872817413	0.0705085760038122	0.549030741732285	True
Craig	M	298571	0.0857665622736048	0.0656602456302691	0.5663895545368	True
Ella	F	296792	0.0852555323534694	0.0549939188084743	0.607884962451841	True
Allison	F	295039	0.0847519711112	0.0472365902108054	0.64211603083115	True
Shannon	F	294878	0.0847057227597993	0.0275662212667163	0.754469190805087	True
Edna	F	294224	0.0845178567857866	0.0239646044177986	0.779092360627539	True
Peggy	F	292585	0.084047042823391	0.0664913879800193	0.558309545109773	True
Tina	F	291435	0.0837166974562433	0.113450930740908	0.424596563957921	False
Leonard	M	290996	0.0835905917030452	0.0497300172600561	0.626989273100157	True
Robin	F	289395	0.0831306935006074	0.0349079786895101	0.704266592957891	True
Dawn	F	288888	0.0829850542822215	0.0361546922141355	0.696535427702618	True
Earl	M	288507	0.0828756094258012	0.0601192966319342	0.579570361704629	True
Jimmy	M	286014	0.0821594781211933	0.264164743495618	0.237232838458808	False
Carlos	M	285969	0.0821465515633484	0.181327555970511	0.31178225569202	False
Francis	M	285183	0.081920767686324	0.0760495250021471	0.518583375976126	True
Rita	F	283037	0.0813043145055423	0.14905152805521	0.352950954495976	False
Cody	M	282756	0.0812235953332219	0.0268736026419245	0.75139408656917	True
Eleanor	F	282686	0.0812034873543521	0.0393407378881781	0.673640626010694	True
Danny	M	282672	0.0811994657585781	0.210140490761853	0.278710365472591	False
Todd	M	281400	0.0808340750568287	0.0731405267780213	0.524983173156893	True
Elijah	M	281374	0.0808266063789627	0.0135753250459206	0.856196532835532	True
Wanda	F	281024	0.0807260664846134	0.0404489276878451	0.666194102470701	True
Ethel	F	278697	0.0800576198156112	0.027427697541758	0.744823774855073	True
Paula	F	278003	0.0798582635679586	0.118714832289326	0.402160540546505	False
Norma	F	277369	0.0796761427307659	0.0382325480885111	0.675744444087573	True
Clara	F	277227	0.0796353522593441	0.127303303236745	0.384825889916198	False
Dale	M	277074	0.0795914019626714	0.0383710718134695	0.67471797949671	True
Audrey	F	276851	0.0795273436871289	0.0534701578339322	0.5979611855681	True
Caleb	M	276718	0.0794891385272762	0.0322760279153011	0.711215677096639	True
Isaac	M	274356	0.078810637868839	0.0461284004111384	0.630792736632335	True
Ellen	F	272937	0.0784030204114629	0.126749208336912	0.382169966613555	False
Cameron	M	272461	0.0782662861551478	0.037816976913636	0.67422541446627	True
Marjorie	F	272235	0.0782013661090823	0.0235490332429235	0.768560778209277	True
Mason	M	270859	0.0778061006958691	0.0386481192633862	0.668126073259446	True
Luis	M	270083	0.0775831893872546	0.115667310340242	0.401464366180967	False
Alex	M	269934	0.0775403881179459	0.32539222992722	0.19244008711465	False
Jamie	F	267599	0.0768696433942157	0.0448816868865131	0.631365942507348	True
Allen	M	266969	0.076688671584387	0.0351850261394269	0.685493312053658	True
Leslie	F	266474	0.076546479448093	0.0461284004111384	0.623978434182528	True
Connie	F	266326	0.0765039654356253	0.0648291032805189	0.541302655709523	True
Gladys	F	266240	0.0764792613472994	0.0282588398915082	0.730195224495461	True
Edith	F	265922	0.0763879136718621	0.0488988749103059	0.609704459155834	True
Carrie	F	265719	0.0763296005331395	0.0462669241360968	0.622608191700994	True
Joel	M	264868	0.0760851449614502	0.0498685409850145	0.604072396847436	True
Nathaniel	M	264331	0.0759308880378343	0.0142679436707125	0.841816757485113	True
Eva	F	262740	0.0754738624038065	0.229395288531067	0.247561493750246	False
Evan	M	262222	0.0753250633601696	0.0454357817863465	0.623754026139678	True
Luke	M	261584	0.0751417934956129	0.119823022088993	0.385412071764327	False
Frederick	M	260881	0.0749398519363913	0.0318604567404259	0.70168197887108	True
Wendy	F	260673	0.0748801025134637	0.0735560979528964	0.504459843880426	True
Curtis	M	257953	0.0740987639059493	0.0310293143906757	0.704842750924023	True
Valerie	F	257604	0.073998511268441	0.0574873458577251	0.562786849367658	True
Courtney	F	257289	0.0739080253635266	0.0198088926690474	0.788630558015552	True
Elaine	F	257263	0.0739005566856607	0.0513923019595566	0.589822576360234	True
Cindy	F	256225	0.0736023840847048	0.0802052367508983	0.478535352701246	False
Hazel	F	255422	0.0733717168413834	0.0228564146181316	0.762476790607248	True
Esther	F	255082	0.0732740495154441	0.0587340593823504	0.555072337049958	True
Vanessa	F	252538	0.0725432681119453	0.077850333426606	0.482356080111226	False
Norman	M	251806	0.0723329961043347	0.0591496305572255	0.550133488666315	True
Tracy	F	250772	0.0720359725307429	0.0545783476335992	0.568940167567476	True
Ava	F	250761	0.0720328127054919	0.0257654128422575	0.736545190897378	True
Marvin	M	250531	0.0719667436320623	0.0328301228151345	0.686726102333638	True
Brianna	F	250339	0.0719115903185907	0.00928108957221103	0.885690562441178	True
Tony	M	248496	0.0713821759606315	0.307661193132548	0.188321922452847	False
Monica	F	247888	0.0712075238013047	0.0876855178986505	0.448147527666876	False
Glenn	M	247578	0.0711184741805953	0.0337997888898432	0.677846469235283	True
Antonio	M	245527	0.0705293103997085	0.150159717854877	0.319586845605874	False
Rodney	M	245286	0.070460081501028	0.0277047449916747	0.717773198593346	True
Jasmine	F	244207	0.0701501313695912	0.0328301228151345	0.681199827335404	True
Melanie	F	243792	0.070030919780577	0.0612274864316011	0.533534741137818	True
Melvin	M	242402	0.0696316327715898	0.0195318452191307	0.780943434921152	True
Alfred	M	241644	0.0694138920861134	0.0759110012771887	0.47764626196961	False
Edwin	M	240252	0.0690140305634442	0.0209170824687144	0.767409945641008	True
Steve	M	240218	0.0690042638308503	0.333703653424722	0.171350651114857	False
Lucas	M	239865	0.068902862165978	0.100568224319779	0.406575915660804	False
Chad	M	239623	0.0688333460104565	0.0479292088355973	0.589515586578336	True
Sylvia	F	239120	0.0686888558194345	0.0824216163502323	0.454560526700695	False
April	F	238064	0.0683855125953406	0.0444661157116379	0.605977189884391	True
Sheila	F	237922	0.0683447221239189	0.0694003862041452	0.496168052379356	False
Theodore	M	236523	0.0679428498033628	0.020778558743756	0.765799945199013	True
Katie	F	236162	0.0678391500837625	0.104446888618614	0.393758836146639	False
Alexandra	F	231364	0.0664608917606543	0.0454357817863465	0.593948771254029	True
Adrian	M	231207	0.0664157924366176	0.0479292088355973	0.580836868229204	True
Lee	M	230776	0.0662919847381474	0.178280034021427	0.271053021823054	False
Erica	F	229947	0.0660538488169601	0.0419726886623872	0.611459465037361	True
Sherry	F	229669	0.0659739914151627	0.0198088926690474	0.769081059927972	True
Derek	M	229414	0.0659007409207082	0.0730020030530629	0.474438006301389	False
Jeffery	M	229023	0.065788423495878	0.00498685409850145	0.929539603827743	True
Marcus	M	229002	0.065782391102217	0.0995985582450706	0.397762809814805	False
Jackson	M	228925	0.0657602723254602	0.0671840066048112	0.494645372140844	False
Herbert	M	227758	0.0654250435920156	0.0572102984078083	0.533492568497176	True
Angel	M	226719	0.0651265837342187	0.0549939188084743	0.542177083475584	True
Pauline	F	225940	0.0649028106550813	0.0410030225876786	0.612835088189236	True
Jesus	M	225716	0.0648384651226977	0.0543013001836825	0.544221863757738	True
Thelma	F	225232	0.0646994328116547	0.0156531809202962	0.80519387990895	True
Alicia	F	224811	0.0645784976815946	0.075633953827272	0.460576054313627	False
Caroline	F	224389	0.0644572752946934	0.0968280837459032	0.399647405555696	False
Lucille	F	223288	0.0641410055127547	0.0243801755926738	0.724583706540957	True
Michele	F	223047	0.0640717766140741	0.0108048505467531	0.855697953334017	True
Ian	M	222202	0.0638290445834309	0.078958523226273	0.447021022646014	False
Leah	F	221422	0.0636049842474524	0.033384217714968	0.655794490113414	True
Ricky	M	220475	0.0633329520190274	0.0601192966319342	0.513015783115378	True
Suzanne	F	218824	0.0628586909745397	0.0573488221327667	0.522918155027691	True
Kristen	F	217598	0.0625065140874762	0.0182851316945053	0.773675464616128	True
Veronica	F	217360	0.0624381469593187	0.0659372930801858	0.486371434755003	False
Mia	F	216490	0.0621882335076505	0.0620586287813514	0.50052156136546	True
Anita	F	213834	0.0614252793379598	0.0817289977254404	0.429084485619356	False
Morgan	F	212458	0.0610300139247466	0.0270121263668829	0.693190939277392	True
Wesley	M	212355	0.0610004264701239	0.0216097010935063	0.73841341575388	True
Joanne	F	211303	0.060698232273394	0.0314448855655508	0.658738641549847	True
Dolores	F	210973	0.0606034375158647	0.0491759223602226	0.552047648886552	True
Troy	M	210669	0.0605161114362013	0.0358776447642188	0.627801154572474	True
Geraldine	F	210399	0.0604385520891318	0.010389279371878	0.853316427207048	True
Eddie	M	209368	0.0601423902860629	0.202660209614101	0.228850058214456	False
Lorraine	F	208530	0.0599016690533066	0.0264580314670494	0.693629883989548	True
Rhonda	F	207935	0.0597307512329128	0.0196703689440891	0.752265850906893	True
Jill	F	207900	0.0597206972434779	0.0843609484996495	0.414492053692596	False
Isaiah	M	207627	0.0596422761258854	0.00748028114775218	0.888557864128188	True
Bertha	F	207614	0.0596385417869525	0.0191162740442556	0.757268506789138	True
Juanita	F	207107	0.0594929025685665	0.0145449911206292	0.803546665148421	True
Vivian	F	204862	0.0588480109605261	0.0443275919866796	0.570367502389477	True
Dustin	M	204843	0.0588425530805471	0.0110818979966699	0.841516124532286	True
Mike	M	204377	0.0587086913926421	0.429839118545833	0.120169797506687	False
Connor	M	204068	0.0586199290287737	0.0278432687166331	0.677975491970372	True
Darlene	F	204022	0.0586067152140878	0.0135753250459206	0.811929324842847	True
Sally	F	203683	0.0585093351449895	0.162903900551047	0.264254008849376	False
Chloe	F	203414	0.058432063054761	0.0757724775522304	0.435395574475198	False
Julian	M	203284	0.0583947196654313	0.0659372930801858	0.469667613158541	False
Ray	M	202082	0.0580494369425517	0.154731000778503	0.272813786663283	False
Gail	F	201598	0.0579104046315087	0.0322760279153011	0.642118808740453	True
Jayden	M	200865	0.0576998453670572	0.00277047449916747	0.954184556898385	True
Calvin	M	200150	0.0574944567257436	0.0393407378881781	0.593735128585963	True
Holly	F	199855	0.0574097159576492	0.0599807729069758	0.489049125809964	False
Jared	M	199382	0.0572738434718572	0.0318604567404259	0.64255671874299	True
Bernard	M	198918	0.0571405562976341	0.0779888571515644	0.422858020612336	False
Oscar	M	198838	0.0571175757503543	0.0768806673518974	0.426256154021131	False
Leroy	M	198829	0.0571149904387853	0.0157917046452546	0.783398429635969	True
Lucy	F	198222	0.0569406255362995	0.173293179922925	0.247316528616315	False
Leo	M	198092	0.0569032821469698	0.132705728510122	0.300108533606979	False
Randall	M	197273	0.0566680187941925	0.0224408434432565	0.716329589270299	True
Aiden	M	195093	0.0560417988808169	0.0112204217216283	0.833183894002744	True
Liam	M	192669	0.0553454882982378	0.0410030225876786	0.57443013689927	True
June	F	192047	0.0551668145431371	0.0602578203568925	0.477946623707475	False
Dana	F	191498	0.0550091105374292	0.0508382070597231	0.519702452421044	True
Beatrice	F	190555	0.0547382273363681	0.0454357817863465	0.546431432821192	True
Jeremiah	M	190478	0.0547161085596113	0.0196703689440891	0.735565258576593	True
Brooke	F	188828	0.0542421347719646	0.0283973636164666	0.656370571333938	True
Jay	M	188764	0.0542237503341408	0.0910100872976515	0.373354799531036	False
Marion	F	188255	0.0540775366020728	0.0716167658034792	0.43023061162782	False
Shane	M	187729	0.0539264395037079	0.0423882598372623	0.559898331954495	True
Debbie	F	187649	0.053903458956428	0.0566562035079748	0.487550863985167	False
Clifford	M	187099	0.0537454676938791	0.0157917046452546	0.772902691984105	True
Ida	F	186189	0.053484063968571	0.035600597314302	0.600373433522316	True
Eileen	F	186035	0.0534398264150573	0.0303366957658838	0.637885472252448	True
Madeline	F	184547	0.0530123882356523	0.0267350789169661	0.664753253344068	True
Renee	F	183979	0.0528492263499655	0.0249342704925073	0.679440093275773	True
Manuel	M	183203	0.052626315041351	0.097520702370695	0.350498570990121	False
Claire	F	182353	0.0523821467265028	0.199197116490141	0.208213292529578	False
Lynn	F	181834	0.0522330604260248	0.0454357817863465	0.534797579687175	True
Bernice	F	181754	0.052210079878745	0.0101122319219613	0.837742990755893	True
Corey	M	181146	0.0520354277194182	0.0191162740442556	0.731330754284006	True
Ronnie	M	181145	0.0520351404625772	0.04598987668618	0.530835310986089	True
Barry	M	180213	0.0517674170867671	0.100706748044738	0.339515989755504	False
Kim	F	179492	0.0515603049044076	0.130904920085663	0.282576062957823	False
Amelia	F	179403	0.0515347390455588	0.0426653072871791	0.547077640105668	True
Kristin	F	178972	0.0514109313470886	0.0156531809202962	0.766593780323418	True
Jo	F	178767	0.051352043694684	0.0590111068322672	0.465300632045146	False
Owen	M	177951	0.0511176421124297	0.0475136376607222	0.518270088657455	True
Regina	F	177724	0.0510524348095232	0.0430808784620542	0.542341845147163	True
Elsie	F	177457	0.0509757372329767	0.0213326536435895	0.704976789208249	True
Gertrude	F	176862	0.0508048194125829	0.0239646044177986	0.679486570979019	True
Tommy	M	175783	0.0504948692811461	0.187284076143721	0.212360556948897	False
Warren	M	175759	0.0504879751169622	0.0465439715860135	0.52032322170667	True
Loretta	F	174841	0.050224273336926	0.015930228370213	0.759196608558327	True
Miguel	M	174565	0.0501449904488106	0.123840210112786	0.28821411411402	False
Dean	M	173904	0.0499551136769109	0.0821445689003156	0.378162253703424	False
Tara	F	173845	0.049938165523292	0.0513923019595566	0.492824781764129	False
Rosa	F	173641	0.0498795651277285	0.121900877963369	0.290368124742097	False
Blake	M	172814	0.0496420037202231	0.0477906851106389	0.509500500457285	True
Gavin	M	172037	0.0494188051547677	0.029644077141092	0.625056963770161	True
Roberta	F	171076	0.0491427513305687	0.0271506500918412	0.644128462152087	True
Cathy	F	170093	0.0488603778558677	0.0555480137083078	0.467973666904305	False
Bessie	F	170026	0.0488411316475208	0.0146835148455876	0.768853261589097	True
Stella	F	169530	0.0486986522543858	0.0864388043740251	0.360363835974012	False
Sydney	F	168319	0.0483507842199373	0.0163457995450881	0.747346790296452	True
Charlie	M	167999	0.0482588620308179	0.301150578059504	0.138115507177891	False
Annette	F	167855	0.0482174970457142	0.0311678381156341	0.607385444020783	True
Cassandra	F	167254	0.0480448556842744	0.0270121263668829	0.640111744055044	True
Jessie	F	167010	0.0479747650150709	0.048206256285514	0.498796585504537	False
Laurie	F	166073	0.0477056053550558	0.0331071702650513	0.590322569531768	True
Jon	M	165892	0.0476536118668352	0.0541627764587241	0.468034789394239	False
Leon	M	165006	0.047399102305711	0.0651061507304356	0.421305681526553	False
Savannah	F	164852	0.0473548647521973	0.00831142349750242	0.850691976080384	True
Lydia	F	163869	0.0470724912774963	0.0609504389816844	0.435763880544202	False
Molly	F	163300	0.0469090421349685	0.12093121188866	0.279486243677662	False
Jeanne	F	162932	0.0468033316174812	0.0688462913043117	0.404699387987902	False
Jeanette	F	162879	0.0467881070049083	0.0163457995450881	0.741093171034115	True
Stacy	F	162746	0.0467499018450556	0.0353235498643853	0.569610524126134	True
Dominic	M	162644	0.0467206016472738	0.029644077141092	0.611809050840815	True
Kaitlyn	F	162235	0.0466031135993056	0.00332456939900097	0.933412303568869	True
Colleen	F	162168	0.0465838673909587	0.0124671352462536	0.788875130150675	True
Mitchell	M	161535	0.046402033810607	0.0310293143906757	0.599266768415099	True
Seth	M	160481	0.0460992651001952	0.0520849205843485	0.469518230240333	False
Bill	M	160268	0.0460380793930626	0.371520630338358	0.110255344506345	False
Lloyd	M	160149	0.0460038958289838	0.0340768363397599	0.574468971288197	True
Jerome	M	159651	0.0458608419221669	0.0267350789169661	0.631727532236846	True
Chase	M	159248	0.0457450774152447	0.0292285059662168	0.610149273277979	True
Chelsea	F	159211	0.0457344489121278	0.0214711773685479	0.680515180695195	True
Beth	F	159084	0.045697967293321	0.114559120540575	0.285154110254931	False
Alma	F	158897	0.0456442502640544	0.0436349733618877	0.511252768676535	True
Minnie	F	158775	0.0456092049294526	0.0160687520951713	0.739473340714639	True
Darrell	M	158659	0.0455758831358969	0.00941961329716941	0.828720278784395	True
Alvin	M	158490	0.0455273367297682	0.0174539893447551	0.722870405680209	True
Agnes	F	157760	0.0453176392358397	0.0554094899833494	0.449905001632931	False
Brett	M	157370	0.0452056090678505	0.0299211245910087	0.60172467064951	True
Hailey	F	156942	0.0450826631399034	0.00858847094741916	0.839979700569662	True
Naomi	F	156811	0.0450450324937326	0.0368473108389274	0.55005181999436	True
Joann	F	156365	0.0449169159426475	0.00110818979966699	0.97592205858534	True
Trevor	M	156139	0.044851995896582	0.0579029170326002	0.436494904409034	False
Pearl	F	156060	0.0448293026061432	0.0279817924415915	0.615693289281713	True
Rosemary	F	155925	0.0447905229326084	0.0196703689440891	0.694848017590028	True
Lindsey	F	155788	0.0447511687453917	0.0132982775960039	0.770914652350082	True
Lillie	F	155610	0.0447000370276941	0.00318604567404259	0.93346614518696	True
Yvonne	F	155323	0.0446175943143276	0.0501455884349312	0.47083258518643	False
Haley	F	155199	0.0445819744660439	0.0127441826961704	0.777689918057676	True
Floyd	M	153783	0.0441752187791908	0.0193933214941723	0.694922654967765	True
Micheal	M	153395	0.0440637631248836	0.00429423547370958	0.911199065342739	True
Vicki	F	153206	0.0440094715819349	0.0272891738167996	0.617255367697575	True
Gordon	M	153001	0.0439505839295304	0.0749413352024801	0.369668386635515	False
Oliver	M	152922	0.0439278906390915	0.0957198939462362	0.314562030250116	False
Jim	M	152834	0.0439026120370837	0.37816976913636	0.104016784787069	False
Gina	F	152156	0.0437078518988871	0.0865773280989835	0.33547830919527	False
Landon	M	151787	0.0436018541245588	0.00443275919866796	0.907717396019413	True
Erik	M	151746	0.0435900765940779	0.0784044283264395	0.357311803695404	False
Edgar	M	151108	0.0434068067295212	0.0552709662583911	0.43988433681857	False
Georgia	F	150934	0.0433568240391876	0.0292285059662168	0.597322131565144	True
Lewis	M	150748	0.0433033942667619	0.0520849205843485	0.453969590870258	False
Devin	M	150045	0.0431014527075404	0.011497469171545	0.789419483465127	True
Nellie	F	149328	0.0428954895525448	0.0196703689440891	0.68560538580083	True
Carter	M	149170	0.0428501029716671	0.0487603511853475	0.467742501289478	False
Carla	F	148346	0.0426134033346848	0.089347802598151	0.322923718629653	False
Max	M	148090	0.0425398655833893	0.337997888898432	0.111788817488861	False
Wyatt	M	147397	0.0423407965925777	0.0177310367946718	0.704836097137743	True
Stacey	F	147247	0.042297708066428	0.0313063618405924	0.57466534282493	True
Kelsey	F	146244	0.0420095894549071	0.00928108957221103	0.819049196691196	True
Willie	F	146148	0.0419820127981713	0.00277047449916747	0.938093396222645	True
Terri	F	145863	0.0419001445984869	0.0145449911206292	0.742316305287875	True
Vernon	M	145460	0.0417843800915647	0.0189777503192972	0.687671413247474	True
Destiny	F	145049	0.0416663175299145	0.00900404212229429	0.822301594381879	True
Nora	F	144716	0.0415706610018622	0.0994600345201123	0.294763213412536	False
Sue	F	144465	0.0414985595347717	0.0725864318781878	0.363751261413144	False
Shelby	F	144394	0.0414781642990608	0.0110818979966699	0.789157441741273	True
Sebastian	M	144361	0.0414686848233079	0.0768806673518974	0.350392157296453	False
Jenna	F	144246	0.0414356502865931	0.0326915990901762	0.558980005800385	True
Chris	M	144112	0.0413971578698994	0.251974655699282	0.141108163617557	False
Mario	M	144018	0.0413701557268456	0.122870544038077	0.25188735670305	False
Maureen	F	143985	0.0413606762510927	0.0326915990901762	0.55853349624279	True
Heidi	F	142416	0.0409099702675668	0.0272891738167996	0.59986046477297	True
Lily	F	142335	0.040886702463446	0.113450930740908	0.264917257149519	False
Clyde	M	142152	0.0408341344615434	0.0315834092905092	0.56387074658806	True
Arlene	F	142037	0.0408010999248286	0.0117745166214618	0.77604605718518	True
Derrick	M	141841	0.040744797583993	0.0234105095179651	0.635096290931003	True
Marian	F	140349	0.040316210377224	0.0260424602921742	0.607550000181304	True
Daisy	F	140152	0.0402596207795474	0.0656602456302691	0.380095086447505	False
Wilma	F	139751	0.0401444307863073	0.0119130403464201	0.771155991883543	True
Levi	M	139693	0.0401277698895294	0.0166228469950048	0.707089580562165	True
Tom	M	139231	0.0399950572289883	0.547030189860617	0.0681317497454813	False
Constance	F	138968	0.0399195086798058	0.0292285059662168	0.577305203687464	True
Marc	M	138964	0.0399183596524419	0.0936420380718606	0.298878712047878	False
Ricardo	M	138851	0.0398858996294091	0.0717552895284375	0.357268674136169	False
Vera	F	138843	0.0398836015746811	0.136168821634081	0.226543894413696	False
Brent	M	138685	0.0398382149938034	0.0236875569678819	0.6271189434397	True
Paige	F	138042	0.0396535088450417	0.0268736026419245	0.596050361405072	True
Violet	F	137149	0.0393969884860305	0.038925166713303	0.503012058156001	True
Lena	F	137094	0.0393811893597757	0.0995985582450706	0.283359194691777	False
Carmen	F	136865	0.0393154075431871	0.111373074866532	0.260905192715985	False
Myrtle	F	136448	0.039195621440491	0.00900404212229429	0.813192842921703	True
Sabrina	F	136045	0.0390798569335688	0.0265965551920077	0.595036416709948	True
Herman	M	135487	0.0389195676162919	0.0375399294637193	0.509022019534924	True
Kristina	F	135415	0.0388988851237401	0.0213326536435895	0.645822536163386	True
Franklin	M	135411	0.0388977360963761	0.0318604567404259	0.54972766455597	True
Melinda	F	135031	0.0387885784967968	0.0175925130697135	0.687971399969077	True
Joy	F	134424	0.0386142135943111	0.0365702633890106	0.513592900338682	True
Mabel	F	134217	0.0385547514282245	0.0301981720409254	0.56077253857466	True
Maurice	M	134120	0.0385268875146477	0.0637209134808519	0.376799179439991	False
Faith	F	133752	0.0384211769971604	0.0232719857930068	0.622778526168933	True
Deanna	F	133616	0.0383821100667847	0.00457128292362633	0.893575743256258	True
Marcia	F	133004	0.038206308880094	0.0250727942174656	0.603774500741422	True
Gabrielle	F	132971	0.038196829404341	0.0286744110663833	0.57119965377438	True
Francisco	M	132843	0.0381600605286933	0.0563791560580581	0.403642656523145	False
Charlene	F	132828	0.0381557516760783	0.0142679436707125	0.727834072429884	True
Cole	M	132744	0.0381316221014345	0.0376784531886776	0.502988843574041	True
Cora	F	131889	0.0378860175023812	0.0361546922141355	0.511691711862802	True
Alejandro	M	131397	0.0377446871366102	0.0414185937625537	0.476795386799195	False
Viola	F	131162	0.0376771817789757	0.0232719857930068	0.618173853391484	True
Mattie	F	131032	0.037639838389646	0.00678766252296031	0.847219348747246	True
Katelyn	F	130865	0.0375918664971993	0.0020778558743756	0.947621113782624	True
Tamara	F	130345	0.0374424929398804	0.0331071702650513	0.530725325096421	True
Ivan	M	130339	0.0374407693988344	0.131043443810621	0.222221231803415	False
Xavier	M	130244	0.0374134799989396	0.0319989804653843	0.539002359931746	True
Jordan	F	130158	0.0373887759106137	0.0188392265943388	0.664949389004536	True
Lester	M	129806	0.0372876615025825	0.0310293143906757	0.545803748117343	True
Garrett	M	129759	0.0372741604310555	0.0184236554194637	0.66922122280506	True
Clayton	M	129638	0.0372394023532948	0.0175925130697135	0.679155598815149	True
Jorge	M	129488	0.0371963138271451	0.0718938132533959	0.340968654291539	False
Lindsay	F	129374	0.0371635665472713	0.0200859401189642	0.649150861053438	True
Marlene	F	129278	0.0371359898905355	0.0260424602921742	0.587795202052909	True
Gilbert	M	128836	0.0370090223668144	0.035600597314302	0.50969861196559	True
Elmer	M	128231	0.0368352319780106	0.0206400350187977	0.64088840126756	True
Jennie	F	126603	0.036367577840866	0.0177310367946718	0.67224601010348	True
Claudia	F	126304	0.0362816880454076	0.0979362735455701	0.270319170514407	False
Gene	M	126240	0.0362633036075837	0.0386481192633862	0.484082429859127	False
Sofia	F	126222	0.0362581329844457	0.0657987693552275	0.35527369686147	False
Nina	F	125876	0.0361587421174604	0.162488329376172	0.182025044948218	False
Cory	M	125501	0.0360510208020862	0.012605658971212	0.740926445660813	True
Glen	M	125130	0.0359444485140759	0.027427697541758	0.567196327585421	True
Mackenzie	F	124528	0.0357715198957952	0.0052639015484182	0.871722980704016	True
Kaylee	F	124350	0.0357203881780975	0.00401718802379284	0.898907069636478	True
Colin	M	124181	0.0356718417719689	0.0602578203568925	0.371854137503906	False
Sam	M	123800	0.0355623969155486	0.394515568681448	0.0826882559914084	False
Erika	F	123704	0.0355348202588128	0.0416956412124705	0.460114048030462	False
Alexa	F	122767	0.0352656605987977	0.014822038570546	0.704078270386637	True
Grant	M	122481	0.0351835051422723	0.0432194021870126	0.448752557025786	False
Sadie	F	121871	0.0350082784692636	0.0304752194908422	0.534612223839837	True
Zoe	F	121774	0.0349804145556868	0.0617815813314346	0.361509849347191	False
Jake	M	121670	0.034950539844223	0.216928153284813	0.13875941394661	False
Andre	M	121653	0.034945656477926	0.0404489276878451	0.463503537616051	False
Chester	M	120680	0.034666155571635	0.0265965551920077	0.565860621241203	True
Tonya	F	120301	0.0345572852288967	0.00955813702212778	0.783337968120529	True
Autumn	F	120271	0.0345486675236668	0.00872699467237754	0.798339430767272	True
Harvey	M	120267	0.0345475184963028	0.0513923019595566	0.401996633377273	False
Jeff	M	119886	0.0344380736398826	0.17634070187201	0.163384921258068	False
Patsy	F	119297	0.0342688793605348	0.0152376097454211	0.692209849242007	True
Marissa	F	119190	0.034238142878548	0.0177310367946718	0.65881630408323	True
Priscilla	F	118824	0.0341330068747428	0.0191162740442556	0.641004090302462	True
Avery	F	117789	0.0338356960443099	0.00706470997287705	0.82727041951837	True
Gwendolyn	F	117785	0.0338345470169459	0.00831142349750242	0.802794350300864	True
Delores	F	117665	0.0338000761960261	0.00706470997287705	0.827119859536838	True
Angelina	F	117573	0.0337736485666543	0.0193933214941723	0.635237413905945	True
Isabel	F	117059	0.0336259985503813	0.097520702370695	0.256399881310147	False
Milton	M	116796	0.0335504500011989	0.0188392265943388	0.640401929949241	True
Colton	M	116491	0.0334628366646945	0.00443275919866796	0.883027061649832	True
Tanya	F	116401	0.0334369835490047	0.052639015484182	0.388458849442027	False
Addison	F	116177	0.0333726380166211	0.00374014057387609	0.899222297119145	True
Spencer	M	115978	0.0333154739052625	0.0361546922141355	0.479565197066081	False
Eli	M	115184	0.0330873919735101	0.0415571174875121	0.443266252433311	False
Duane	M	114844	0.0329897246475708	0.00928108957221103	0.780437407144439	True
Maggie	F	114412	0.0328656296922597	0.144618768856542	0.185174753166954	False
Brayden	M	113732	0.0326702950403811	0.00110818979966699	0.967192436104976	True
Gabriella	F	113146	0.0325019625315563	0.0132982775960039	0.709646116287463	True
Leslie	M	112689	0.0323706861552202	0.0193933214941723	0.625351235833072	True
Yolanda	F	112374	0.0322802002503058	0.0214711773685479	0.600546473044875	True
Bryce	M	112164	0.0322198763136963	0.0144064673956709	0.691023008677889	True
Maxine	F	111884	0.0321394443982168	0.026319507742091	0.54977797619565	True
Jimmie	M	111870	0.0321354228024429	0.0109433742717115	0.745968434242165	True
Alison	F	111302	0.031972260916756	0.0418341649374288	0.433190749270555	False
Caitlin	F	111283	0.0319668030367771	0.0144064673956709	0.689336825690204	True
Preston	M	111253	0.0319581853315471	0.01703841816988	0.652253075677302	True
Ruben	M	111190	0.0319400881505642	0.0213326536435895	0.599557805265232	True
Sophie	F	111017	0.0318903927170716	0.159856378601963	0.166315148347459	False
Genevieve	F	110758	0.0318159931952531	0.0101122319219613	0.758820415276545	True
Carole	F	110631	0.0317795115764464	0.0246572230425905	0.563099757471204	True
Miranda	F	110312	0.031687876644168	0.0473751139357638	0.400792790808133	False
Mae	F	110174	0.0316482352001103	0.0211941299186312	0.598917840429623	True
Casey	M	110165	0.0316456498885413	0.0271506500918412	0.538225192726412	True
Jessie	M	110027	0.0316060084444836	0.00941961329716941	0.770396817957161	True
Vickie	F	109977	0.0315916456024337	0.00831142349750242	0.791709668329354	True
Reginald	M	109881	0.0315640689456979	0.0185621791444221	0.629691432100605	True
Taylor	M	109852	0.031555738497309	0.0426653072871791	0.425158904240393	False
Glenda	F	109032	0.0313201878876906	0.00914256584725266	0.77404983587765	True
Tristan	M	108964	0.0313006544225028	0.0198088926690474	0.61242284863991	True
Leona	F	108318	0.0311150865032181	0.00803437604758567	0.794776849435428	True
Aidan	M	108262	0.0310990001201222	0.00914256584725266	0.772807900799267	True
Miriam	F	108083	0.0310475811455836	0.0500070647099729	0.383045053344776	False
Roberto	M	107768	0.0309570952406692	0.0872699467237754	0.2618444539108	False
Kylie	F	107229	0.0308022638033713	0.00941961329716941	0.765808709682453	True
Mariah	F	107129	0.0307735381192715	0.00304752194908422	0.909892772641518	True
Aubrey	F	106290	0.0305325296296742	0.00651061507304356	0.824242376685533	True
Brandy	F	106136	0.0304882920761605	0.0108048505467531	0.738337896792639	True
Cecil	M	106079	0.0304719184362236	0.0155146571953378	0.662626386455924	True
Margie	F	105840	0.0304032640512251	0.0182851316945053	0.624445796283835	True
Dan	M	105814	0.0303957953733592	0.238953425553194	0.112849019086814	False
Dora	F	105268	0.0302389531381743	0.0447431631615547	0.403282204216522	False
Jocelyn	F	104157	0.0299198107878255	0.00831142349750242	0.782601225074962	True
Marsha	F	104049	0.0298887870489977	0.0144064673956709	0.674762735279764	True
Diego	M	103792	0.0298149620408613	0.0788199995013146	0.274450891477382	False
Everett	M	103271	0.0296653012267013	0.0139908962207957	0.679520960623705	True
Lance	M	103250	0.0296592688330404	0.0520849205843485	0.362830300776475	False
Arnold	M	102969	0.0295785496607199	0.0447431631615547	0.39797992454037	False
Joanna	F	102803	0.0295308650251143	0.0473751139357638	0.383986595374289	False
Eduardo	M	102542	0.0294558909896138	0.0476521613856805	0.382007975590518	False
Carson	M	102482	0.0294386555791539	0.0191162740442556	0.606295916964131	True
Neil	M	102123	0.0293355303732357	0.0634438660309351	0.31618582907613	False
Darren	M	101581	0.0291798371654148	0.0383710718134695	0.431968090533558	False
Hector	M	101525	0.0291637507823189	0.0498685409850145	0.369010566822171	False
Brandi	F	101494	0.0291548458202479	0.00484833037354308	0.857415367731783	True
Johnnie	M	101469	0.029147664399223	0.00983518447204453	0.747704830282591	True
Billie	F	101352	0.0291140553488262	0.0260424602921742	0.527844353662985	True
Riley	F	100881	0.0289787573767162	0.01703841816988	0.62973785401872	True
Makayla	F	100860	0.0289727249830552	0.000415571174875121	0.985859296753991	True
Josiah	M	100494	0.02886758897925	0.00581799644825169	0.832264718137388	True
Parker	M	100483	0.028864429153999	0.0342153600647183	0.457586011486453	False
Katrina	F	100464	0.02885897127402	0.0184236554194637	0.610350424503748	True
Ana	F	100329	0.0288201916004853	0.172739085023092	0.142986182939665	False
Karl	M	99892	0.0286946603609692	0.150298241579835	0.160311722140015	False
Toni	F	99306	0.0285263278521444	0.0306137432158006	0.482351937307803	False
Hattie	F	99138	0.0284780687028567	0.00872699467237754	0.765435296148784	True
Kara	F	98671	0.0283439197581107	0.0214711773685479	0.568982525238166	True
Kay	F	98249	0.0282226973712095	0.0432194021870126	0.395042944506541	False
Christy	F	98180	0.0282028766491807	0.012605658971212	0.691102393664115	True
Brooklyn	F	97538	0.02801845775726	0.00360161684891771	0.886097142597695	True
Penny	F	97503	0.028008403767825	0.0588725831073088	0.322376676131441	False
Alexandria	F	97449	0.0279928918984111	0.00346309312395934	0.88990670228586	True
Bethany	F	97134	0.0279024059934968	0.0138523724958374	0.668244617813603	True
Roland	M	97114	0.0278966608566768	0.050422635884848	0.356191411533526	False
Terry	F	96883	0.0278303045264063	0.0347694549645518	0.444575262791962	False
Bailey	F	96816	0.0278110583180594	0.00872699467237754	0.761153264661868	True
Clinton	M	96602	0.0277495853540859	0.00748028114775218	0.78767216880138	True
Ariana	F	96275	0.0276556523670795	0.00567947272329332	0.829624976420636	True
Javier	M	96273	0.0276550778533975	0.0480677325605556	0.365214625582645	False
Hayden	M	96185	0.0276297992513897	0.00651061507304356	0.809298885151956	True
Sierra	F	95961	0.0275654537190062	0.00540242527337657	0.8361306387158	True
Whitney	F	95545	0.027445954873151	0.00928108957221103	0.747295495393911	True
Fernando	M	95368	0.0273951104122944	0.0750798589274385	0.267334653416407	False
Natasha	F	95321	0.0273816093407675	0.0527775392091403	0.341590571208718	False
Omar	M	95198	0.0273462767493247	0.0441890682617212	0.382276436146385	False
Dianne	F	95117	0.0273230089452039	0.00969666074708615	0.738067334806457	True
Cecilia	F	95015	0.0272937087474221	0.0335227414399264	0.448788258166044	False
Angel	F	94837	0.0272425770297244	0.0659372930801858	0.292365475478668	False
Kendra	F	94720	0.0272089679793277	0.010389279371878	0.72367649814015	True
Ada	F	94492	0.0271434734195801	0.0336612651648848	0.446403916067736	False
Meghan	F	94449	0.0271311213754172	0.0073417574227938	0.787028015102272	True
Allan	M	94199	0.0270593071651677	0.0372628820138025	0.420683865250261	False
Melody	F	94185	0.0270552855693938	0.0220252722683814	0.551242421873423	True
Nolan	M	94052	0.027017080409541	0.0102507556469196	0.724943631516739	True
Lonnie	M	93727	0.0269237219362167	0.00983518447204453	0.732440776044573	True
Marguerite	F	93406	0.0268315124902564	0.0247957467675489	0.519715996471377	True
Bob	M	92913	0.0266898948676444	0.32026685210376	0.0769257122123183	False
Briana	F	92797	0.0266565730740886	0.0020778558743756	0.927687587663486	True
Riley	M	92789	0.0266542750193606	0.0224408434432565	0.542910901409805	True
Johnathan	M	92661	0.0266175061437129	0.00401718802379284	0.868868022581604	True
Maya	F	91608	0.026315024690142	0.0768806673518974	0.25500119403649	False
Darryl	M	91431	0.0262641802292854	0.0177310367946718	0.596978080935104	True
Claude	M	91001	0.0261406597876562	0.0527775392091403	0.331237409367608	False
Felicia	F	90812	0.0260863682447076	0.0181466079695469	0.589749333582058	True
Jenny	F	90717	0.0260590788448128	0.204738065488476	0.112909017657435	False
Tanner	M	90670	0.0260455777732859	0.0119130403464201	0.686157164392781	True
Jackie	F	90604	0.02602661882178	0.078958523226273	0.247907640205576	False
Marshall	M	90413	0.0259717527651494	0.0358776447642188	0.419919252290487	False
Isabelle	F	90340	0.0259507830157566	0.0651061507304356	0.284995133792783	False
Maxwell	M	90110	0.025884713942327	0.0191162740442556	0.575203236649932	True
Micah	M	89475	0.0257023058482933	0.00678766252296031	0.791084360397042	True
Bridget	F	89294	0.0256503123600727	0.024103128142757	0.515548514853236	True
Angelica	F	89270	0.0256434181958888	0.0228564146181316	0.52873209469035	True
Brendan	M	89257	0.0256396838569558	0.0156531809202962	0.620922863920077	True
Abraham	M	88644	0.025463595413424	0.0317219330154676	0.445280407701175	False
Andy	M	88468	0.0254130382094084	0.15071381275471	0.144288267633796	False
Harriet	F	88443	0.0254058567883834	0.0337997888898432	0.429112063509285	False
Karla	F	88274	0.0253573103822548	0.0189777503192972	0.571947122232476	True
Arianna	F	88171	0.025327722927632	0.00609504389816844	0.806030960546607	True
Bobbie	F	88140	0.025318817965561	0.00900404212229429	0.737666322117478	True
Pedro	M	88001	0.0252788892646623	0.138523724958374	0.154325310280104	False
Adriana	F	87852	0.0252360879953536	0.0290899822412585	0.464529974015057	False
Madelyn	F	87611	0.0251668590966731	0.00110818979966699	0.957823492392383	True
Geneva	F	87601	0.0251639865282631	0.00304752194908422	0.891975930619546	True
Hope	F	87593	0.0251616884735352	0.027427697541758	0.478455642479227	False
Blanche	F	87360	0.0250947576295826	0.0270121263668829	0.481601579386033	False
Brady	M	87259	0.0250657446886418	0.0146835148455876	0.630596518837209	True
Lola	F	87036	0.0250016864130993	0.104862459793489	0.192521855673132	False
Velma	F	86602	0.0248770169441062	0.00554094899833494	0.817839594901911	True
Becky	F	86577	0.0248698355230812	0.0520849205843485	0.323174768929975	False
Tracey	F	86403	0.0248198528327476	0.0164843232700465	0.600904198427253	True
Nicolas	M	85430	0.0245403519264565	0.037816976913636	0.393543988861151	False
Jamie	M	85299	0.0245027212802858	0.0562406323330997	0.30346425041508	False
Kurt	M	85252	0.0244892202087589	0.0692618624791868	0.261215332203387	False
Dakota	M	85135	0.0244556111583621	0.00512537782345982	0.826734061305068	True
Susie	F	84967	0.0244073520090745	0.0351850261394269	0.409571706439581	False
Fannie	F	84925	0.0243952872217526	0.00360161684891771	0.871356602864858	True
Candace	F	84461	0.0242620000475295	0.0113589454465866	0.681116116121542	True
Misty	F	84392	0.0242421793255007	0.0109433742717115	0.688981040429656	True
Lula	F	84342	0.0242278164834508	0.00374014057387609	0.866270512136092	True
Jacquelyn	F	84327	0.0242235076308358	0.000415571174875121	0.98313365616661	True
Shelly	F	84203	0.024187887782552	0.0260424602921742	0.481539322534027	False
Raul	M	84012	0.0241330217259214	0.0257654128422575	0.48364286244185	False
Kristine	F	83908	0.0241031470144576	0.00692618624791868	0.776785850042198	True
Aaliyah	F	83580	0.0240089267706103	0.000415571174875121	0.982985477294041	True
Sherri	F	83578	0.0240083522569283	0.00429423547370958	0.848274104312341	True
Tim	M	83034	0.0238520845354254	0.172323513848217	0.121585379282392	False
Damian	M	82960	0.0238308275291916	0.0145449911206292	0.620985515557279	True
Sidney	M	82946	0.0238268059334176	0.0238260806928403	0.500007609618521	True
Brad	M	82811	0.0237880262598829	0.101814937844405	0.189390643998909	False
Ben	M	82719	0.0237615986305111	0.351850261394269	0.0632610446031802	False
Andres	M	82111	0.0235869464711843	0.0127441826961704	0.649221398061537	True
Rachael	F	81977	0.0235484540544906	0.0117745166214618	0.666661201021867	True
Brittney	F	81831	0.0235065145557049	0.00277047449916747	0.894566516225201	True
Desiree	F	81796	0.0234964605662699	0.00900404212229429	0.722956835204198	True
Kelly	M	81550	0.0234257953833844	0.0268736026419245	0.465727151875602	False
Rick	M	81463	0.0234008040382176	0.130766396360705	0.151788473667977	False
Wallace	M	81335	0.0233640351625699	0.0189777503192972	0.551796172425831	True
Hugh	M	81250	0.023339618331085	0.0448816868865131	0.342116267882022	False
Breanna	F	81101	0.0232968170617763	0.00152376097454211	0.938608965016347	True
Jillian	F	81095	0.0232950935207304	0.00928108957221103	0.715095855590828	True
Cooper	M	81043	0.0232801561649985	0.0286744110663833	0.448086807485459	False
Layla	F	80841	0.0232221302831169	0.0180080842445886	0.563230886599251	True
Jade	F	80796	0.023209203725272	0.0301981720409254	0.434569259251296	False
Ross	M	80743	0.0231939791126991	0.0437734970868461	0.346346919862819	False
Hilda	F	80605	0.0231543376686413	0.0293670296911752	0.44085557616987	False
Dalton	M	80388	0.0230920029341448	0.0121900877963369	0.654496444401313	True
Byron	M	79872	0.0229437784041898	0.0195318452191307	0.540163426619896	True
Kate	F	79820	0.0229288410484579	0.235213284979318	0.0888225467159543	False
Iris	F	79651	0.0228802946423293	0.0567947272329332	0.287170233578978	False
Rosie	F	79516	0.0228415149687946	0.0437734970868461	0.342888401036632	False
Eunice	F	79500	0.0228369188593386	0.00817289977254404	0.736441548737692	True
Jodi	F	79344	0.0227921067921429	0.00651061507304356	0.777815347564057	True
Sheryl	F	78677	0.0226005064791973	0.00817289977254404	0.734416797877824	True
Jackie	M	78405	0.0225223726184458	0.0236875569678819	0.487392489451219	False
Monique	F	78364	0.0225105950879649	0.0339383126148015	0.398778222715933	False
Tyrone	M	78246	0.0224766987807271	0.0127441826961704	0.638164004937534	True
Antoinette	F	78230	0.0224721026712712	0.0112204217216283	0.666975926446374	True
Gabriela	F	78225	0.0224706663870662	0.0225793671682149	0.49879355493692	False
Dwight	M	78035	0.0224160875872766	0.0144064673956709	0.608759701700696	True
Miles	M	78005	0.0224074698820466	0.0592881542821839	0.274279927612787	False
Lynda	F	77756	0.0223359429286381	0.00415571174875121	0.843131287971298	True
Mamie	F	77738	0.0223307723055002	0.00817289977254404	0.732068330932961	True
Greg	M	77552	0.0222773425330745	0.10735588684274	0.171849013099035	False
Angelo	M	77381	0.0222282216132639	0.0419726886623872	0.346229072420087	False
Rafael	M	77331	0.022213858771214	0.0457128292362633	0.327026967202769	False
Willard	M	77299	0.0222046665523021	0.00831142349750242	0.727637994122525	True
Julius	M	77296	0.0222038047817791	0.0383710718134695	0.366551382847072	False
Zoey	F	77223	0.0221828350323862	0.0123286115212953	0.642767465509783	True
Nelson	M	76886	0.0220860294769699	0.0360161684891771	0.380123820614123	False
Kristi	F	76375	0.0219392412312199	0.00540242527337657	0.802410534395613	True
Summer	F	76356	0.021933783351241	0.0171769418948383	0.560812493586776	True
Nevaeh	F	76226	0.0218964399619112	0.000138523724958374	0.993713457987638	True
Casey	F	76020	0.0218372650526657	0.0286744110663833	0.43232113306235	False
Trinity	F	75943	0.0218151462759088	0.00277047449916747	0.887313217570815	True
Collin	M	75789	0.0217709087223951	0.00664913879800193	0.766040546088818	True
Elias	M	75489	0.0216847316700957	0.0275662212667163	0.440290601035005	False
Dwayne	M	75410	0.0216620383796569	0.0177310367946718	0.549894576236927	True
Sergio	M	75158	0.0215896496557254	0.047098066485847	0.314316021386225	False
Mathew	M	74971	0.0215359326264588	0.00886551839733591	0.70838502443857	True
Ramon	M	74895	0.0215141011065429	0.0325530753652178	0.397914270921466	False
Perry	M	74856	0.021502898089744	0.0227178908931733	0.486262198941106	False
Ted	M	74811	0.0214899715318991	0.130627872635746	0.141271864911624	False
Kaleb	M	74804	0.0214879607340121	0.00124671352462536	0.945162463713255	True
Kelli	F	74675	0.0214509046015234	0.00346309312395934	0.860998095844843	True
Janie	F	74491	0.0213980493427798	0.0157917046452546	0.575374855925761	True
Krystal	F	74191	0.0213118722904804	0.0047098066485847	0.819004505450488	True
Drew	M	74069	0.0212768269558786	0.0349079786895101	0.378693611403902	False
Elena	F	73997	0.0212561444633268	0.134783584384498	0.136222644196316	False
Harrison	M	73822	0.0212058745161521	0.0214711773685479	0.496891738760299	False
Krista	F	73286	0.0210519048493772	0.0106663268217948	0.663716220614872	True
Irma	F	73279	0.0210498940514902	0.0261809840171326	0.445680768858592	False
Emmanuel	M	73274	0.0210484577672852	0.00983518447204453	0.681540655217162	True
Gracie	F	73227	0.0210349566957583	0.0135753250459206	0.607766121430537	True
Meredith	F	73190	0.0210243281926414	0.0205015112938393	0.506295079223772	True
Beulah	F	73102	0.0209990495906336	0.00304752194908422	0.873265843987339	True
Rebekah	F	73078	0.0209921554264496	0.00332456939900097	0.863280543623153	True
Jaden	M	72655	0.0208706457827075	0.00152376097454211	0.931957966511043	True
Freddie	M	72600	0.0208548466564526	0.0397563090630532	0.344076043574617	False
Shelley	F	72494	0.0208243974313068	0.0157917046452546	0.568722399445048	True
Armando	M	72124	0.0207181124001376	0.0290899822412585	0.415958742234611	False
Marion	M	71994	0.0206807690108078	0.00554094899833494	0.788688559750243	True
Bianca	F	71970	0.0206738748466239	0.035600597314302	0.367375722112571	False
Belinda	F	71880	0.0206480217309341	0.0196703689440891	0.51212415439303	True
Cesar	M	71520	0.0205446092681748	0.0149605622955044	0.57863709322817	True
Virgil	M	71204	0.0204538361064194	0.0220252722683814	0.48150342342291	False
Rosalie	F	71171	0.0204443566306665	0.0144064673956709	0.586624770054686	True
Terrence	M	71162	0.0204417713190975	0.0124671352462536	0.621162276495084	True
Grayson	M	71155	0.0204397605212105	0.00567947272329332	0.782555916931887	True
Jaxon	M	70944	0.02037914932776	0.00110818979966699	0.94842591755568	True
Erick	M	70665	0.0202990046691215	0.00512537782345982	0.79840698884406	True
Alberta	F	70286	0.0201901343263833	0.00401718802379284	0.83405070723307	True
Kristy	F	70271	0.0201858254737683	0.00595652017321007	0.77215050808195	True
Harper	F	70237	0.0201760587411744	0.0116359928965034	0.63422689523357	True
Morris	M	70233	0.0201749097138104	0.0283973636164666	0.41535856427034	False
Devon	M	70193	0.0201634194401705	0.0127441826961704	0.612728309909381	True
Marco	M	69756	0.0200378882006544	0.113866501915783	0.149643250555343	False
Clifton	M	69470	0.019955732744129	0.00401718802379284	0.832428094069862	True
Shaun	M	69304	0.0199080481085233	0.0124671352462536	0.614916922334153	True
Peyton	F	69256	0.0198942597801554	0.00360161684891771	0.846712812389338	True
Ayden	M	69176	0.0198712792328756	0.000969666074708615	0.953473028195331	True
Opal	F	69097	0.0198485859424367	0.00401718802379284	0.831675770101685	True
Jeannette	F	69065	0.0198393937235248	0.00540242527337657	0.785973218727234	True
Verna	F	68792	0.0197609726059323	0.00498685409850145	0.798493251223227	True
Wade	M	68737	0.0197451734796774	0.026319507742091	0.428640184974223	False
Terrance	M	68621	0.0197118516861217	0.00706470997287705	0.736160674292443	True
Sandy	F	68537	0.0196877221114778	0.0649676270054772	0.232563238080542	False
Stuart	M	68455	0.019664167050516	0.0362932159390939	0.351413272028237	False
Felix	M	68447	0.019661868995788	0.0839453773247744	0.189773106554284	False
Kent	M	68360	0.0196368776506212	0.0238260806928403	0.451807203169256	False
Faye	F	68096	0.0195610418445977	0.0192547977692139	0.503944833841425	True
Ashton	M	68078	0.0195558712214598	0.00318604567404259	0.859904260107789	True
Ramona	F	68061	0.0195509878551628	0.0203629875688809	0.489828127803715	False
Ariel	F	67951	0.019519389602653	0.012605658971212	0.607606539730894	True
Flora	F	67922	0.0195110591542641	0.0394792616131365	0.330750179019985	False
Candice	F	67646	0.0194317762661487	0.0131597538710455	0.596221662019259	True
Kirk	M	67583	0.0194136790851658	0.0182851316945053	0.514967944178083	True
Jaime	M	67582	0.0194133918283248	0.0288129347913417	0.402547595661331	False
Della	F	67500	0.019389836767363	0.0109433742717115	0.639227965096919	True
Inez	F	67428	0.0193691542748111	0.00941961329716941	0.672802481953506	True
Kennedy	F	67161	0.0192924566982646	0.00484833037354308	0.799164361993603	True
Cheyenne	F	67016	0.0192508044563199	0.00498685409850145	0.794251821510644	True
Adrienne	F	66713	0.0191637656334976	0.0113589454465866	0.6278526695488	True
Luther	M	66022	0.018965271156368	0.0175925130697135	0.51877518175288	True
Brody	M	65972	0.0189509083143181	0.0117745166214618	0.616782627219247	True
Giovanni	M	65917	0.0189351091880632	0.0502841121598896	0.273552762069942	False
Camille	F	65769	0.0188925951755955	0.0432194021870126	0.304169821899319	False
Sonia	F	65126	0.0187078890268338	0.0721708607033127	0.205855484174074	False
Lila	F	65119	0.0187058782289468	0.0318604567404259	0.369927506912982	False
Roman	M	64933	0.0186524484565212	0.0579029170326002	0.243646520885224	False
Sonya	F	64916	0.0186475650902242	0.0217482248184647	0.461621498982329	False
Guadalupe	F	64857	0.0186306169366053	0.00664913879800193	0.736977727640799	True
Valeria	F	64850	0.0186286061387183	0.0260424602921742	0.417017269277359	False
Marianne	F	64774	0.0186067746188025	0.0742487165776883	0.200384213997951	False
Jonathon	M	64476	0.0185211720801851	0.00595652017321007	0.756655157212222	True
Elise	F	64410	0.0185022131286792	0.0292285059662168	0.38763742678785	False
Jada	F	63936	0.0183660533860462	0.00221637959933398	0.892316928668817	True
Dave	M	63847	0.0183404875271974	0.214157678785646	0.0788844394691652	False
Genesis	F	63832	0.0183361786745824	0.000969666074708615	0.949773444917803	True
Lorenzo	M	63783	0.0183221030893735	0.0466824953109719	0.281858569089724	False
Marcella	F	63671	0.0182899303231817	0.0099737081970029	0.647118746233606	True
Gianna	F	63658	0.0182861959842488	0.00623356762312681	0.745773747131406	True
Fredrick	M	63578	0.0182632154369689	0.00304752194908422	0.856995940878203	True
Nichole	F	63311	0.0181865178604225	0.0026319507742091	0.87357615872712	True
Damon	M	63250	0.0181689951931216	0.0210556061936728	0.463204074758003	False
Natalia	F	63143	0.0181382587111348	0.0451587343364298	0.286557983844585	False
Yvette	F	63061	0.018114703650173	0.0185621791444221	0.493899761100812	False
Carly	F	63043	0.018109533027035	0.0227178908931733	0.44356296058325	False
Leonardo	M	62986	0.0180931593870981	0.0339383126148015	0.347734912947255	False
Alexis	M	62928	0.0180764984903202	0.0268736026419245	0.402145891443904	False
Jonah	M	62836	0.0180500708609484	0.0256268891172991	0.4132629851056	False
Jace	M	62535	0.017963606551808	0.00457128292362633	0.797146423610838	True
Camila	F	62436	0.0179351681245492	0.0231334620680484	0.436712109472351	False
Patty	F	62434	0.0179345936108672	0.0350465024144685	0.338509297774641	False
Skylar	F	62412	0.0179282739603653	0.00484833037354308	0.787135505255048	True
Daryl	M	62338	0.0179070169541314	0.0135753250459206	0.568795579252072	True
Angie	F	62309	0.0178986865057425	0.0547168713585576	0.246485560837948	False
Dillon	M	62286	0.0178920795983995	0.0117745166214618	0.603105238828209	True
Dominick	M	62262	0.0178851854342156	0.00554094899833494	0.763471476086306	True
Lee	F	62115	0.0178429586785889	0.0781273808765227	0.185921595789942	False
Maryann	F	62108	0.0178409478807019	0.00193933214941723	0.901956284417398	True
Lynne	F	61883	0.0177763150914774	0.00803437604758567	0.688719065898004	True
Robyn	F	61766	0.0177427060410806	0.010389279371878	0.630695124451034	True
Cristian	M	61587	0.017691287066542	0.0052639015484182	0.77068794176722	True
Olga	F	61429	0.0176459004856643	0.101122319219613	0.148574261106654	False
Gayle	F	61314	0.0176128659489495	0.00761880487271055	0.698045962688677	True
Kristopher	M	61294	0.0176071208121296	0.000692618624791868	0.962151448812739	True
Malcolm	M	61253	0.0175953432816486	0.0494529698101394	0.262427829579558	False
Rickey	M	61253	0.0175953432816486	0.00193933214941723	0.900723605249508	True
Tracy	M	61164	0.0175697774227998	0.00831142349750242	0.678862525618639	True
Homer	M	60667	0.0174270107728238	0.0164843232700465	0.513899298411345	True
Dallas	M	60464	0.0173686976341012	0.0105278030968364	0.62261205452335	True
Sheri	F	60400	0.0173503131962774	0.00443275919866796	0.796504408639042	True
Donnie	M	60218	0.0172980324512157	0.0223023197182982	0.436815116622435	False
Alberto	M	59795	0.0171765228074736	0.0764650961770222	0.18342829816214	False
Myra	F	59728	0.0171572765991267	0.0203629875688809	0.457280271863229	False
Julio	M	59708	0.0171515314623068	0.0439120208118044	0.280880014731446	False
Israel	M	59512	0.0170952291214712	0.00637209134808519	0.72846958150371	True
Ellie	F	59206	0.0170073285281258	0.0525004917592236	0.244682230831243	False
Penelope	F	59132	0.0169860715218919	0.0275662212667163	0.38126144489325	False
Scarlett	F	58977	0.0169415467115373	0.0157917046452546	0.517563823002937	True
Kaden	M	58894	0.0169177043937344	0.00110818979966699	0.938522339708803	True
Caden	M	58892	0.0169171298800524	0.00138523724958374	0.9243137655489	True
Bryson	M	58865	0.0169093739453455	0.00138523724958374	0.924281678641649	True
Kari	F	58680	0.0168562314297609	0.00637209134808519	0.725675787742947	True
Simon	M	58675	0.0168547951455559	0.230642002055692	0.0681010636749804	False
Daniela	F	58437	0.0167864280173984	0.0301981720409254	0.357275107089573	False
Earnest	M	58176	0.0167114539818979	0.00152376097454211	0.916438551550829	True
Kendall	F	58026	0.0166683654557482	0.0047098066485847	0.779690862923209	True
Roxanne	F	58016	0.0166654928873382	0.0164843232700465	0.502732588567483	True
Karina	F	57967	0.0166514173021293	0.0178695605196302	0.482356478663633	False
Otis	M	57890	0.0166292985253725	0.0157917046452546	0.512917457792866	True
Gerard	M	57827	0.0166112013443896	0.0200859401189642	0.452656547131273	False
Tabitha	F	57800	0.0166034454096826	0.00775732859766892	0.68156477313373	True
Annabelle	F	57594	0.0165442705004371	0.0188392265943388	0.467570247681361	False
Abby	F	57575	0.0165388126204581	0.051530825684515	0.242969009859566	False
Rex	M	57486	0.0165132467616093	0.0403104039628867	0.290605171457078	False
Lyle	M	57471	0.0165089379089943	0.0184236554194637	0.472594111572736	False
Bella	F	57411	0.0164917024985344	0.0360161684891771	0.314080578555432	False
Hubert	M	57323	0.0164664238965266	0.034492407514635	0.323131897662	False
Kaitlin	F	57014	0.0163776615326582	0.00374014057387609	0.814088012494104	True
Mckenzie	F	56990	0.0163707673684743	0.000277047449916747	0.983358329430077	True
Josie	F	56898	0.0163443397391025	0.025211317942424	0.393312021779608	False
Santiago	M	56898	0.0163443397391025	0.0346309312395934	0.320632719067512	False
Callie	F	56832	0.0163253807875966	0.0144064673956709	0.53122027319155	True
Celeste	F	56720	0.0162932080214048	0.0236875569678819	0.407526169791167	False
Enrique	M	56715	0.0162917717371998	0.041141546312637	0.283664121983391	False
Gage	M	56667	0.0162779834088319	0.00484833037354308	0.7705075090957	True
Wilbur	M	56641	0.016270514730966	0.0162072758201297	0.500973571627922	True
Lincoln	M	56393	0.0161992750343985	0.0108048505467531	0.599881487949579	True
Juliana	F	56159	0.016132056933605	0.0167613707199632	0.490434049728929	False
Cecelia	F	56057	0.0161027567358232	0.00221637959933398	0.879012877092878	True
Jody	F	55691	0.0159976207320179	0.0117745166214618	0.576031312549068	True
Lilly	F	55636	0.015981821605763	0.0385095955384279	0.293290621594097	False
Dianna	F	55609	0.0159740656710561	0.00277047449916747	0.852198321537464	True
Damien	M	55576	0.0159645861953032	0.0289514585163001	0.355431701473461	False
Donovan	M	55545	0.0159556812332322	0.0155146571953378	0.507006979586435	True
Trenton	M	55491	0.0159401693638183	0.00152376097454211	0.912748107383646	True
Alana	F	55409	0.0159166143028565	0.00858847094741916	0.649522910869182	True
Salvatore	M	55319	0.0158907611871667	0.0242416518677154	0.395958278547459	False
Alisha	F	55248	0.0158703659514558	0.00567947272329332	0.736449408786145	True
Adeline	F	55176	0.015849683458904	0.00595652017321007	0.726842862072613	True
Cassidy	F	55166	0.015846810890494	0.00844994722246079	0.652219148613273	True
Erma	F	54771	0.0157333444382998	0.000969666074708615	0.941946628486318	True
Muriel	F	54666	0.015703182469995	0.0257654128422575	0.378676498486441	False
Jan	F	54508	0.0156577958891173	0.0249342704925073	0.385735373555788	False
Neal	M	54236	0.0155796620283659	0.0163457995450881	0.488001152074818	False
Olive	F	54231	0.0155782257441609	0.0171769418948383	0.475595970561086	False
Hudson	M	54182	0.015564150158952	0.00914256584725266	0.629956249751822	True
Alfredo	M	54139	0.0155517981147891	0.0398948327880116	0.280482291918724	False
Geoffrey	M	54012	0.0155153164959823	0.0272891738167996	0.362469366709157	False
Horace	M	54000	0.0155118694138904	0.0300596483159671	0.340385183259485	False
Mallory	F	53940	0.0154946340034305	0.00817289977254404	0.654678858815423	True
Celia	F	53933	0.0154926232055435	0.0347694549645518	0.308236821269385	False
Serenity	F	53760	0.0154429277720508	0.00193933214941723	0.88843037912337	True
Avery	M	53519	0.0153736988733703	0.0109433742717115	0.584172061559337	True
Bernadette	F	53486	0.0153642193976174	0.0131597538710455	0.538642329135012	True
Aimee	F	53398	0.0153389407956096	0.00775732859766892	0.664130666923791	True
Arturo	M	53355	0.0153265887514467	0.0426653072871791	0.26428845749824	False
Janelle	F	53344	0.0153234289261957	0.00664913879800193	0.697389086179515	True
Gretchen	F	53316	0.0153153857346478	0.0189777503192972	0.446602075428618	False
Mya	F	53295	0.0153093533409868	0.0026319507742091	0.853302148087446	True
Ira	M	53249	0.0152961395263009	0.014822038570546	0.507870677871523	True
Vicky	F	53236	0.0152924051873679	0.0484833037354308	0.239784166192171	False
Estelle	F	53217	0.015286947307389	0.0223023197182982	0.406683836025385	False
Rudolph	M	53188	0.015278616859	0.0119130403464201	0.561886197063213	True
Wendell	M	53114	0.0152573598527662	0.0102507556469196	0.598137477186589	True
Dana	M	53064	0.0152429970107163	0.00581799644825169	0.723754890310062	True
Mable	F	52819	0.0151726190846718	0.00221637959933398	0.872541275112489	True
Leland	M	52767	0.0151576817289399	0.00498685409850145	0.752446313917631	True
Liliana	F	52678	0.015132115870091	0.00983518447204453	0.606077375716653	True
Kirsten	F	52676	0.015131541356409	0.0131597538710455	0.534847953575664	True
Mikayla	F	52625	0.0151168912575182	0.000969666074708615	0.939721964452516	True
Bennie	M	52288	0.0150200857021018	0.00609504389816844	0.71134234013461	True
Aurora	F	52266	0.0150137660515999	0.0325530753652178	0.315635127420751	False
Lynn	M	52250	0.0150091699421439	0.00415571174875121	0.783160062463338	True
Nadine	F	52237	0.0150054356032109	0.0288129347913417	0.342446226733168	False
Traci	F	52101	0.0149663686728352	0.00498685409850145	0.750072749868497	True
Emmett	M	52096	0.0149649323886302	0.0120515640713785	0.553918322117826	True
Alec	M	52094	0.0149643578749482	0.0319989804653843	0.31863914286725	False
Conner	M	51929	0.0149169604961836	0.00692618624791868	0.682912616526336	True
Shannon	M	51926	0.0149160987256606	0.0047098066485847	0.760020923428822	True
Willis	M	51874	0.0149011613699287	0.00844994722246079	0.638135072301674	True
Lora	F	51808	0.0148822024184228	0.0078958523226273	0.65335703981791	True
Eliza	F	51564	0.0148121117492193	0.0227178908931733	0.39467387973184	False
Joey	M	51548	0.0148075156397633	0.0883781365234424	0.143503629907215	False
Caitlyn	F	51547	0.0148072283829223	0.00512537782345982	0.742864642466134	True
Cara	F	51461	0.0147825242945965	0.0153761334703795	0.490158561093651	False
Jordyn	F	51447	0.0147785026988225	0.00124671352462536	0.922203013847564	True
Gerardo	M	51151	0.0146934746738871	0.0149605622955044	0.495496606045697	False
Cristina	F	51079	0.0146727921813353	0.0473751139357638	0.236475218900123	False
Lana	F	51023	0.0146567057982394	0.0303366957658838	0.325752338981331	False
Payton	F	51005	0.0146515351751014	0.00152376097454211	0.905797027736293	True
Eloise	F	50985	0.0146457900382815	0.00831142349750242	0.637960265319342	True
Johanna	F	50900	0.0146213732067967	0.0379555006385944	0.27809514216826	False
Allyson	F	50747	0.014577422910124	0.00221637959933398	0.868023957165999	True
Henrietta	F	50731	0.014572826800668	0.011497469171545	0.558982023687051	True
Edmund	M	50723	0.01457052874594	0.0202244638439225	0.418753609684202	False
Lacey	F	50666	0.0145541551060031	0.0121900877963369	0.544197686176776	True
Darius	M	50584	0.0145306000450413	0.0155146571953378	0.483623752287699	False
Kellie	F	50558	0.0145231313671754	0.00180080842445886	0.889682978040525	True
Kenny	M	50505	0.0145079067546025	0.0490373986352643	0.228308081385285	False
Rosemarie	F	50479	0.0145004380767365	0.0052639015484182	0.733666712460321	True
Colby	M	50302	0.0144495936158799	0.0047098066485847	0.754177762165129	True
Archie	M	50243	0.014432645462261	0.0293670296911752	0.329514897352583	False
